2014-12-01;458366;FT;2640;13015;13012;Southampton U-21;Manchester Utd U-21;1;0;1417456800;1;1;1206;
2014-12-01;458493;FT;2975;13013;13007;Aston Villa U-21;Reading U-21;1;5;1417456800;1;1;1207;
2014-12-01;458562;FT;2975;13009;13022;Bolton U-21;Middlesbrough U-21;1;2;1417456800;1;1;1207;
2014-12-01;458495;FT;2975;12317;13005;Brighton U-21;Arsenal U-21;0;4;1417456800;1;1;1207;
2014-12-01;446269;FT;2906;2695;2451;Hyde;Worcester;0;3;1417459500;1;1;1209;
2014-12-01;456027;FT;13;532;527;Sampdoria;Napoli;1;1;1417460400;1;2;50;1
2014-12-01;462941;FT;3001;13660;14288;Matera;Martina Franca;3;1;1417459500;1;1;1224;
2014-12-01;452184;FT;14;1128;279;Almeria;Rayo Vallecano;0;1;1417459500;1;2;30;
2014-12-01;440302;FT;71;889;160;Eintracht Braunschweig;Nurnberg;1;0;1417457700;1;2;1261;
2014-12-01;435255;FT;207;722;1839;Nancy;Valenciennes;0;1;1417458600;1;2;1281;
2014-12-01;445134;FT;68;250;1807;Pacos de Ferreira;Estoril;1;1;1417460400;1;2;1320;
2014-12-01;436392;FT;91;6967;946;Achilles 29;Volendam;2;4;1417453200;1;1;1341;
2014-12-01;436393;FT;91;942;945;Eindhoven;Helmond Sport;3;0;1417456800;1;1;1341;
2014-12-01;436400;FT;91;953;9296;Emmen;Almere City FC;2;2;1417456800;1;1;1341;
2014-12-01;436399;FT;91;216;217;Fortuna;Sparta Rotterdam;0;0;1417456800;1;1;1341;
2014-12-01;436396;FT;91;1215;956;Jong Ajax;VV Venlo;4;0;1417456800;1;1;1341;
2014-12-01;436398;FT;91;13602;214;Jong Twente;Den Bosch;1;1;1417456800;1;1;1341;
2014-12-01;436391;FT;91;223;952;RKC;MVV Maastricht;0;1;1417456800;1;1;1341;
2014-12-01;436395;FT;91;215;955;Roda;FC Oss;4;3;1417456800;1;1;1341;
2014-12-01;436397;FT;91;954;213;Telstar;NEC;0;1;1417456800;1;1;1341;
2014-12-01;432116;FT;212;661;333;Rijeka;Osijek;2;1;1417449600;;1;1520;
2014-12-01;430931;FT;735;6109;6108;Flamurtari;Elbasani;2;0;1417446000;1;1;1380;
2014-12-01;447675;FT;902;1105;325;Anorthosis;Apollon Limassol;0;1;1417449600;;1;1540;
2014-12-01;458367;FT;2640;13011;13016;Everton U-21;Sunderland U-21;3;2;1417456800;1;1;1206;
2014-12-01;466352;FT;816;6844;933;Varde;Sonderjylland;0;3;1417453200;1;0;1582;
2014-12-01;466342;FT;1040;13399;1393;Panegialos;Apollon;1;1;1417446000;1;1;1661;
2014-12-01;466347;FT;3011;2162;13373;Larisa;Tyrnavos;0;0;1417458600;1;1;1662;
2014-12-01;451593;FT;123;1048;1044;Beitar Jerusalem;Maccabi Petah Tikva;2;3;1417453200;1;1;1740;
2014-12-01;458675;FT;1292;326;7025;Hapoel Ramat-Gan;Maccabi Ahi Nazareth FC;1;4;1417446000;1;1;1741;
2014-12-01;458673;FT;1292;2378;3054;Hapoel Natzrat-Elite;Hakoach Amidar RG;1;0;1417446000;1;1;1741;
2014-12-01;458676;FT;1292;7029;13612;Maccabi Ironi Kiryat Ata;Hapoel Afula;1;0;1417449600;1;1;1741;
2014-12-01;436761;FT;66;329;1919;Legia;Cracovia;2;0;1417449600;1;2;1960;
2014-12-01;444476;FT;754;6873;137;FC Botosani;Steaua;0;2;1417455000;1;2;1980;
2014-12-01;451922;FT;722;8845;8844;CSKA-D;Amkar-D;4;0;1417420800;1;1;2003;
2014-12-01;451921;FT;722;14161;14182;Arsenal-D;Ufa-D;0;0;1417426200;1;1;2003;
2014-12-01;438603;FT;100;1570;591;Chiasso;Lausanne;4;1;1417455900;1;1;2101;
2014-12-01;452534;FT;17;2116;388;Karabukspor;Besiktas;1;2;1417446000;1;2;2120;
2014-12-01;452528;FT;17;389;393;Trabzonspor;Genclerbirligi;4;1;1417455000;1;2;2120;
2014-12-01;450816;FT;126;382;1025;Dnipro;Metallurg D.;1;1;1417449600;1;2;2140;
2014-12-01;402488;FT;2574;12805;12810;Dnipro-D;Metallurg Don.-D;1;0;1417428000;1;1;2143;
2014-12-01;431441;FT;2627;3027;1073;Godoy Cruz;Olimpo;0;3;1417464600;1;1;2501;
2014-12-01;431446;FT;2627;1072;406;Arsenal S;Belgrano de Cordoba;0;2;1417473000;1;1;2501;
2014-12-01;454913;FT;1146;6631;2498;All Boys;Huracan;0;3;1417471800;1;1;2503;
2014-12-01;443785;FT;965;2304;2309;Union Espanola;Palestino;2;5;1417474800;1;1;2581;
2014-12-01;466331;FT;1098;7895;7897;Al Hala Muharraq;Manama;1;1;1417442400;1;1;3120;
2014-12-01;466330;FT;1098;7448;7891;Al-Riffa;Muharraq;4;4;1417442400;1;1;3120;
2014-12-01;456856;FT;1100;9385;6213;Naft Tehran;Perspolis;2;1;1417428000;1;1;3180;
2014-12-01;456860;FT;1100;6224;6214;Zob-Ahan;Saba;3;1;1417429800;1;1;3180;
2014-12-01;456858;FT;1100;6219;6222;Esteghlal;Rah-Ahan;1;0;1417440600;1;1;3180;
2014-12-01;466348;FT;2288;12928;6231;Al Sareeh;Al-Weehdat;0;0;1417447800;1;0;3208;
2014-12-01;466349;FT;2288;9542;6230;Mansheyat;Al-Faysali;1;1;1417447800;1;0;3208;
2014-12-01;458368;Pst;2640;13024;13006;Fulham U-21;Norwich U-21;2;4;1417456800;1;1;1206;
2014-12-01;466032;FT;1475;7887;14610;Sporting Clube de Goa;NorthEast United;3;0;1417437000;1;1;3222;
2014-12-01;439463;FT;1104;2469;6087;Al Ittihad;Al Hilal Riyadh;0;0;1417448100;1;1;3280;
2014-12-01;432309;FT;210;299;11888;Midtjylland;Vestjalland;2;1;1417453200;1;2;1580;
2014-12-01;458369;FT;2640;13017;13019;Tottenham U-21;Manchester City U-21;2;1;1417456800;1;1;1206;
2014-12-01;458494;FT;2975;13010;13014;Blackburn U-21;Newcastle U-21;1;3;1417456800;1;1;1207;
2014-12-03;432748;FT;15;240;691;Everton;Hull City;1;1;1417632300;1;2;20;
2014-12-03;466384;FT;82;523;524;Empoli;Genoa;2;0;1417622400;1;2;110;
2014-12-03;466385;AET;82;207;862;Udinese;Cesena;4;2;1417633200;1;2;110;
2014-12-03;465301;FT;511;277;278;Deportivo;Malaga;1;1;1417629600;1;2;100;
2014-12-03;432747;FT;15;229;236;Chelsea;Tottenham Hotspur;3;0;1417632300;1;2;20;2
2014-12-03;465281;FT;511;269;1766;Sevilla;Sabadell;5;1;1417629600;1;2;100;
2014-12-03;465303;FT;511;2397;495;Hospitalet;Atletico Madrid;0;3;1417629600;1;2;100;1
2014-12-03;465305;FT;511;3496;498;Granada CF;Cordoba;1;0;1417636800;1;2;100;
2014-12-03;465307;FT;511;6653;268;Huesca;Barcelona;0;4;1417636800;1;2;100;1
2014-12-03;434870;FT;10;168;7371;Bastia;Evian Thonon Gaillard;1;2;1417626000;1;2;60;
2014-12-03;434877;FT;10;177;719;Montpellier;Saint-Etienne;0;2;1417626000;1;2;60;
2014-12-03;434871;FT;10;170;720;Guingamp;Caen;5;1;1417626000;1;2;60;
2014-12-03;434875;FT;10;172;164;Metz;Bordeaux;0;0;1417626000;1;2;60;
2014-12-03;434879;FT;10;725;166;Nice;Rennes;1;2;1417626000;1;2;60;
2014-12-03;434872;FT;10;163;169;Lille;PSG;1;1;1417633200;1;2;60;1
2014-12-03;437733;FT;12;179;828;Celtic;Partick Thistle;1;0;1417632300;1;2;1300;
2014-12-03;444683;FT;1274;12899;6039;Braga B;Olhanense;2;0;1417615200;1;1;1324;
2014-12-03;444680;FT;1274;1804;2059;Atletico CP;Oriental;0;1;1417615200;1;1;1324;
2014-12-03;444689;FT;1274;6042;1818;Freamunde;Portimonense;0;0;1417615200;1;1;1324;
2014-12-03;444686;FT;1274;800;12901;Leixoes;Porto B;2;3;1417615200;1;1;1324;
2014-12-03;444687;FT;1274;2840;1445;Oliveirense;Sp. Covilha;2;1;1417615200;1;1;1324;
2014-12-03;444684;FT;1274;12902;6992;Sporting B;Uniao Madeira;0;1;1417615200;1;1;1324;
2014-12-03;444690;FT;1274;1441;260;Chaves;Beira Mar;3;0;1417618800;1;1;1324;
2014-12-03;444685;FT;1274;1811;12898;Aves;Benfica B;3;3;1417633200;1;1;1324;
2014-12-03;466421;FT;163;547;1607;Charleroi;Oostende;2;0;1417629600;1;2;1363;
2014-12-03;466422;FT;163;2623;303;Kortrijk;Club Brugge;0;3;1417629600;1;2;1363;
2014-12-03;466423;AET;163;1615;552;Zulte-Waregem;Lierse;2;1;1417629600;1;2;1363;
2014-12-03;466425;FT;163;554;549;KVSK United;Gent;0;1;1417631400;1;2;1363;
2014-12-03;466424;FT;163;14435;1071;Olsa Brakel;Mechelen;2;3;1417631400;1;2;1363;
2014-12-03;466426;FT;163;314;553;Standard;Lokeren;1;4;1417631400;;2;1363;
2014-12-03;466427;FT;163;136;14207;Anderlecht;Racing Mechelen;4;1;1417632300;1;2;1363;
2014-12-03;466511;Pst;316;8054;14440;Dunav Ruse;Lokomotiv G-O;0;0;1417600800;1;0;1501;
2014-12-03;466509;FT;316;1083;632;Botev;Lokomotiv Plovdiv;1;2;1417600800;1;0;1501;
2014-12-03;466512;FT;316;634;640;Slavia Sofia;Cherno More;2;2;1417600800;1;0;1501;
2014-12-03;445404;FT;208;2805;12287;Panthrakikos;Platanias;1;0;1417608000;1;2;1660;
2014-12-03;466513;FT;316;105;3278;Levski;Montana;4;0;1417611600;1;0;1501;
2014-12-03;466353;AET;816;14408;344;Skovbakken;Brondby;1;2;1417622400;1;0;1582;
2014-12-03;445398;FT;208;1165;2268;Giannina;Levadiakos;0;4;1417616100;;2;1660;
2014-12-03;445397;FT;208;2286;3495;Atromitos;Veria;0;0;1417616100;1;2;1660;
2014-12-03;445400;FT;208;1368;731;Kerkyra;Panionios;1;0;1417616100;1;2;1660;
2014-12-03;445399;FT;208;372;380;Olympiakos;PAOK;1;2;1417624200;1;2;1660;
2014-12-03;445402;FT;208;727;12275;Xanthi;Kallonis;2;1;1417616100;1;2;1660;
2014-12-03;466523;FT;1040;13831;736;Episkopi;Panachaiki;1;2;1417608000;1;1;1661;
2014-12-03;466440;FT;1058;562;356;Sopron;Debrecen;1;1;1417615200;1;0;1681;
2014-12-03;466442;Pst;1058;1942;560;Diosgyor;Honved;0;0;1417622400;1;0;1681;
2014-12-03;451602;FT;123;1042;139;Maccabi Netanya;Maccabi Haifa;0;4;1417624200;1;1;1740;
2014-12-03;451601;FT;123;1045;7024;Hapoel Tel Aviv;Hapoel Acre FC;1;3;1417625100;1;1;1740;
2014-12-03;466510;FT;316;13352;14088;Bansko;Haskovo;2;0;1417600800;1;0;1501;
2014-12-03;451605;FT;123;1046;348;Bnei Sakhnin;Maccabi T-A;1;3;1417629300;1;1;1740;
2014-12-03;466446;Pen;1744;6246;330;Tiraspol;Zimbru;0;0;1417615200;1;0;1881;
2014-12-03;466448;FT;974;3449;2270;Universitatea Cluj;Pandurii;1;0;1417627800;1;0;1981;
2014-12-03;437041;FT;3;1198;104;Rubin;Zenit;0;1;1417614300;1;2;2000;
2014-12-03;437039;FT;3;96;1501;Lokomotiv;Ural;1;0;1417618800;1;2;2000;
2014-12-03;466445;AET;1744;13600;124;Veris;Sherif;0;1;1417597200;1;0;1881;
2014-12-03;451926;FT;722;8855;8849;Spartak-D;Rostov-D;0;2;1417598100;1;1;2003;
2014-12-03;437038;FT;3;1491;7178;Kuban;FK Krasnodar;1;1;1417622400;1;2;2000;
2014-12-03;451925;FT;722;12831;8846;Mordovia-D;Dinamo-D;0;1;1417602600;1;1;2003;
2014-12-03;466514;FT;304;744;739;Cukaricki;Vojvodina;2;1;1417604400;1;0;2021;
2014-12-03;466515;FT;304;746;347;Rad;Partizan;0;1;1417604400;1;0;2021;
2014-12-03;466517;FT;304;2490;3784;Radnicki Nis;Jagodina;0;1;1417604400;1;0;2021;
2014-12-03;466516;FT;304;2274;7298;Vozdovac;Spartak Subotica;2;1;1417604400;1;0;2021;
2014-12-03;442629;FT;202;318;2014;Slovan;Zlate Moravce;2;1;1417617000;1;1;2040;
2014-12-03;466518;FT;303;133;1153;Maribor;NK Krka;4;2;1417620600;1;0;2061;
2014-12-03;438405;FT;69;592;595;Luzern;Young Boys;1;2;1417628700;1;2;2100;
2014-12-03;437042;FT;3;1490;102;Terek;Torpedo;0;1;1417622400;1;2;2000;
2014-12-03;438600;Ssp;100;6891;994;Le Mont Ls;Wil;2;2;1417626000;1;1;2101;
2014-12-03;466508;FT;169;3446;596;Cham;Zurich;0;5;1417627800;1;0;2102;
2014-12-03;466409;FT;1013;7977;13804;Altinordu;Bayburt IOI;1;0;1417599000;1;1;2129;
2014-12-03;466410;FT;1013;9550;13687;Diyarbakir BB;Balcova;2;2;1417602600;1;1;2129;
2014-12-03;466412;FT;1013;398;1620;Rizespor;Demirspor Adana;2;1;1417606200;1;1;2129;
2014-12-03;432749;FT;15;245;461;Sunderland;Manchester City;1;4;1417632300;1;2;20;1
2014-12-03;466383;FT;82;193;873;Atalanta;Avellino;2;0;1417611600;1;2;110;
2014-12-03;466414;FT;1013;125;2891;Galatasaray;Eskisehirspor;4;2;1417624200;1;1;2129;
2014-12-03;466534;FT;845;2172;418;Atletico Nacional;River Plate;1;1;1417648500;1;2;2365;
2014-12-03;431476;FT;1012;13265;7361;Western Sydney;Brisbane Roar FC;0;1;1417592100;1;1;3100;
2014-12-03;466524;FT;2275;14099;3406;Antigua GFC;Municipal;1;1;1417637700;1;0;2660;
2014-12-03;464911;FT;2267;10681;3332;LDU Loja;Emelec;0;2;1417649400;1;1;2641;
2014-12-03;466413;FT;1013;1405;331;Sivasspor;Gaziantepspor;1;2;1417615200;1;1;2129;
2014-12-03;466519;FT;1211;6175;6700;El Gounah;Haras El Hedood;0;1;1417606200;1;1;3620;
2014-12-03;466034;FT;1475;7882;7886;Pune FC;Mumbai FC;2;0;1417609800;1;1;3222;
2014-12-03;466520;FT;1211;6163;9277;Petrojet Cairo;Smouha SC;1;0;1417606200;1;1;3620;
2014-12-03;466522;FT;1211;6697;14314;Itthad Al Shourta;Nasr;1;0;1417624200;1;1;3620;
2014-12-03;466521;FT;1211;9276;6171;Misr El-Maqasha;Al Masry Port Said;3;2;1417615200;1;1;3620;
2014-12-03;466287;FT;1217;6328;6331;Free State Stars;Bloemfontein Celtic;1;0;1417618800;1;1;3660;
2014-12-03;466288;FT;1217;6329;3016;Bidvest Wits;Kaiser Chiefs;0;3;1417624200;1;1;3660;
2014-12-03;466163;FT;1217;12904;7370;Chippa United;Mpumalanga Black Aces;2;2;1417624200;1;1;3660;
2014-12-03;466290;FT;1217;2285;6332;Mamelodi Sundowns;SuperSport United;3;1;1417624200;1;1;3660;
2014-12-03;466165;FT;1217;6330;6327;Moroka Swallows;Ajax Cape Town;1;1;1417624200;1;1;3660;
2014-12-03;466530;FT;2263;3473;3471;CS Cartagines;CS Herediano;2;3;1417654800;;0;2620;
2014-12-03;466289;FT;1217;12905;6336;Polokwane City;Platinum Stars;2;1;1417624200;1;1;3660;
2014-12-03;461046;FT;1105;6346;6343;Gafsa;Sfaxien;1;0;1417608000;1;1;3680;
2014-12-03;432740;FT;15;227;235;Arsenal;Southampton;1;0;1417632300;1;2;20;1
2014-12-03;431499;Pst;1012;7361;3064;Brisbane Roar FC;Newcastle Jets;0;0;1417593600;1;1;3100;
2014-12-03;466411;FT;1013;391;2112;Samsunspor;Karagumruk;0;1;1417606200;1;1;2129;
2014-12-05;466360;FT;76;692;2648;Hartlepool;Blyth Sptns;1;2;1417805700;1;2;1206;
2014-12-05;456031;FT;13;191;204;Fiorentina;Juventus;0;0;1417805100;1;2;50;1
2014-12-05;465316;FT;511;494;504;Albacete;Levante;1;1;1417802400;1;2;100;
2014-12-05;465318;FT;511;1126;499;Getafe;Eibar;3;0;1417802400;1;2;100;
2014-12-05;465320;FT;511;265;1128;Real Betis;Almeria;3;4;1417809600;1;2;100;
2014-12-05;439953;FT;11;145;910;Borussia Dortmund;Hoffenheim;1;0;1417804200;1;2;40;1
2014-12-05;440271;FT;71;492;159;Bochum;St. Pauli;3;3;1417797000;1;2;1261;
2014-12-05;440269;FT;71;897;3074;Fortuna Dusseldorf;Sandhausen;1;3;1417797000;1;2;1261;
2014-12-05;440272;FT;71;7034;921;Heidenheim;Aalen;0;1;1417797000;1;2;1261;
2014-12-05;440636;FT;1195;477;1952;Arminia Bielefeld;Mainz 05 II;2;0;1417798800;1;1;1262;
2014-12-05;449074;FT;86;3079;12877;Cloppenburg;Schwarz-Weiss Rehden;1;1;1417800600;1;1;1265;
2014-12-05;448603;FT;2588;478;13597;Babelsberg 03;Wacker Nordhausen;2;2;1417798800;1;1;1265;
2014-12-05;441311;FT;87;2330;13595;Koblenz;Baunatal;1;2;1417798800;1;1;1265;
2014-12-05;441305;FT;87;480;14097;Saarbrucken;Astoria Walldorf;1;0;1417800600;1;1;1265;
2014-12-05;441307;FT;87;915;3081;Eintracht Trier;Homburg;0;3;1417800600;1;1;1265;
2014-12-05;448329;FT;1293;7044;912;Bochum II;Siegen;1;1;1417797000;1;1;1265;
2014-12-05;448332;FT;1293;3019;12882;Borussia M. II;Viktoria Koln;2;1;1417798800;1;1;1265;
2014-12-05;448333;FT;1293;1957;7360;Cologne II;Fortuna Dusseldorf II;1;1;1417800600;1;1;1265;
2014-12-05;466455;FT;89;14695;1839;Lille Sud;Valenciennes;0;1;1417802400;1;2;1284;
2014-12-05;434889;FT;10;1091;171;Toulouse;Monaco;0;2;1417804200;1;2;60;
2014-12-05;437629;FT;12;830;189;Ross County;Dundee United;2;3;1417805100;1;2;1300;
2014-12-05;445139;FT;68;247;263;Boavista;Sporting;1;3;1417807800;1;2;1320;
2014-12-05;444698;FT;1274;12907;13615;Guimaraes B;Academico Viseu;1;2;1417788000;1;1;1324;
2014-12-05;431739;FT;63;379;2613;Westerlo;Waasland;1;2;1417804200;1;2;1360;
2014-12-05;448034;FT;753;1605;14162;Eupen;Seresien;1;1;1417804200;1;1;1361;
2014-12-05;431941;FT;755;642;11440;Beroe;Ludogorets;0;4;1417784400;1;1;1500;
2014-12-05;432120;FT;212;660;7333;Zagreb;NK Istra 1961;1;0;1417795200;1;1;1520;
2014-12-05;447685;FT;902;1105;1084;Anorthosis;APOEL;0;1;1417795200;;1;1540;
2014-12-05;432311;FT;210;931;933;Randers FC;Sonderjylland;0;0;1417797000;1;2;1580;
2014-12-05;433222;FT;72;233;472;Fulham;Watford;0;5;1417805100;1;2;97;
2014-12-05;466598;FT;3011;728;13176;Iraklis;Ethnikos Gazoros;0;0;1417791600;1;1;1662;
2014-12-05;466592;FT;1040;12285;1393;Iraklis Psachna;Apollon;2;1;1417784400;1;1;1661;
2014-12-05;441704;FT;65;140;1943;Ferencvaros;Lombard-Papa;2;0;1417798800;1;1;1680;
2014-12-05;458685;FT;1292;7028;2547;Hapoel Bnei Lod FC;Ironi Tiberias;1;0;1417777200;1;1;1741;
2014-12-05;458684;FT;1292;1964;3053;Bnei Yehuda;Maccabi Herzeliya;1;0;1417780800;1;1;1741;
2014-12-05;458678;FT;1292;1040;7026;Ironi Rishon Lezion;Ironi Nir Ramat HaSharon;1;0;1417780800;1;1;1741;
2014-12-05;442005;FT;1103;324;6299;Glenovan;Institute FC;1;1;1417805100;1;1;1920;
2014-12-05;458680;FT;1292;7025;7029;Maccabi Ahi Nazareth FC;Maccabi Ironi Kiryat Ata;0;3;1417780800;1;1;1741;
2014-12-05;458977;FT;70;2384;534;Frosinone;Ternana;0;1;1417804200;1;1;1221;
2014-12-05;462949;FT;3001;2386;199;Foggia;Lecce;2;0;1417805100;1;1;1224;
2014-12-05;444486;FT;754;6594;6015;Gaz Metan Medias;Brasov;2;1;1417791600;1;2;1980;
2014-12-05;436767;FT;66;11339;584;Zawisza Bydgoszcz;Slask;0;1;1417795200;1;2;1960;
2014-12-05;436764;FT;66;578;329;Gornik Zabrze;Legia;0;4;1417804200;1;2;1960;
2014-12-05;450784;FT;126;288;1025;Dynamo K.;Metallurg D.;3;0;1417795200;1;2;2140;
2014-12-05;450400;FT;2574;14180;12815;Olimpik Donetsk-D;Vorskla-D;1;3;1417773600;1;1;2143;
2014-12-05;444487;FT;754;12775;6873;Viitorul Constanta;FC Botosani;1;2;1417800600;1;2;1980;
2014-12-05;443034;FT;903;359;2240;TNS;Connah's QN;2;0;1417805100;1;1;2160;
2014-12-05;431453;FT;2627;410;3480;Estudiantes de La Plata;Tigre;4;2;1417810200;1;1;2501;
2014-12-05;454922;FT;1146;9388;421;Patronato de Parana;Union Santa Fe;1;3;1417820400;1;1;2503;
2014-12-05;431454;FT;2627;423;420;Velez Sarsfield;San Lorenzo;0;2;1417818600;1;1;2501;
2014-12-05;454923;FT;1146;13647;12909;Sportivo Belgrano;Crucero del Norte;0;2;1417820400;1;1;2503;
2014-12-05;443794;FT;965;1854;3326;Cobreloa;Nublense;4;2;1417806000;1;1;2581;
2014-12-05;443795;FT;965;2317;2303;Universidad Catolica;U. Concepcion;2;2;1417816800;1;1;2581;
2014-12-05;466024;FT;2267;6405;2168;Universidad Catolica Quito;Deportivo Cuenca;2;1;1417795200;1;1;2641;
2014-12-05;450135;FT;1208;3553;1865;3 de Febrero;Guarani A;0;4;1417816800;1;1;2710;
2014-12-05;450137;FT;1208;3555;13497;Sportivo Luqueno;Deportivo Capiata;0;0;1417816800;1;1;2710;
2014-12-05;431501;FT;1012;3065;3059;Central Coast Mariners;Melbourne Victory;0;3;1417765500;1;1;3100;
2014-12-05;466604;FT;1098;7895;7897;Al Hala Muharraq;Manama;1;2;1417788000;1;1;3120;
2014-12-05;431502;FT;1012;3064;3494;Newcastle Jets;Wellington Phoenix;1;3;1417842000;1;1;3100;
2014-12-05;451946;FT;722;10887;8845;Kuban-D;CSKA-D;1;4;1417766400;1;1;2003;
2014-12-05;466590;FT;2209;6213;6224;Perspolis;Zob-Ahan;1;2;1417776300;1;0;3181;
2014-12-05;466272;FT;1295;6320;7047;Al Sailiya SC;Al Arabi SC Doha;2;1;1417780800;1;1;3188;
2014-12-05;466271;FT;1295;6316;6318;Qatar SC;Umm Salal SC;0;0;1417780800;1;1;3188;
2014-12-05;466273;FT;1295;6315;11949;Al Sadd SC Doha;Al Jaish;3;1;1417789800;1;1;3188;
2014-12-05;466274;FT;1295;7668;6322;Al Shamal;Al Shahaniya;1;1;1417789800;1;1;3188;
2014-12-05;466067;FT;1554;12592;6304;Fanja;Al-Seeb;3;2;1417779900;1;1;3190;
2014-12-05;466068;FT;1554;6302;6309;Al-Oruba;Al Nasr Salalah;1;0;1417783500;1;1;3190;
2014-12-05;466069;FT;1554;6303;13735;Al-Nahda;Sohar;1;2;1417784400;1;1;3190;
2014-12-05;466070;FT;1554;14225;6311;Busher;Al Khaboora;1;2;1417788600;1;1;3190;
2014-12-05;462591;FT;925;2346;192;Pavia;Venezia;2;1;1417800600;1;1;1222;
2014-12-05;466605;FT;1098;7900;7894;Malkiya;Al Shabbab Manama;2;1;1417788000;1;1;3120;
2014-12-05;466057;FT;1476;6232;9542;Al-Hussein;Mansheyat;2;1;1417793400;1;1;3206;
2014-12-05;466036;FT;1475;14611;7887;Chennaiyin FC;Sporting Clube de Goa;1;3;1417782600;1;1;3222;
2014-12-05;459309;FT;1296;6097;6105;Al Quadsia;Al Sahil;3;0;1417780800;1;1;3225;
2014-12-05;459307;FT;1296;7944;6101;Al Sulaibikhat;Al Arabi;0;4;1417780800;1;1;3225;
2014-12-05;459303;FT;1296;8095;6104;Al Fehaiheel;Al Jahra;1;3;1417789800;1;1;3225;
2014-12-05;459305;FT;1296;6098;6100;Kazma;Al Kuwait;1;1;1417789800;1;1;3225;
2014-12-05;466236;FT;1101;7056;6264;Al Shbab Al Qazeia;Al Ansar Beirut;1;2;1417778100;1;1;3240;
2014-12-05;466609;FT;1101;6265;14502;Safa Beirut;Al-Nabi Shayth;3;3;1417782600;1;1;3240;
2014-12-05;439469;FT;1104;13606;6086;Al Orubah;Al Shabab Riyadh;0;0;1417779000;1;1;3280;
2014-12-05;439468;FT;1104;9526;2469;Al Taawon;Al Ittihad;4;3;1417778100;1;1;3280;
2014-12-05;425250;Pst;748;1870;1513;Albirex Niigata;Kashiwa Reysol;0;0;1417843800;1;1;3200;
2014-12-05;466614;FT;1096;6354;6355;Taliya;Jaish;1;1;1417766400;1;1;3320;
2014-12-05;466615;FT;1096;6356;7825;Ittihad;Al-Jazira;1;0;1417777200;1;1;3320;
2014-12-05;466617;FT;1096;6359;6361;Majd;Teshrin;1;2;1417777200;1;1;3320;
2014-12-05;466616;FT;1096;6980;6363;Wathbah;Shorta;0;1;1417777200;1;1;3320;
2014-12-05;443864;FT;1218;7799;6079;Emirates;Al Wasl Dubai;2;3;1417779600;1;1;3340;
2014-12-05;443860;FT;1218;7798;6076;Banni Yas;Al Jazeera Abu Dhabi;2;3;1417779900;1;1;3340;
2014-12-05;443863;FT;1218;2475;6082;Al Nasr;Al Ahli Dubai;2;1;1417789800;1;1;3340;
2014-12-05;443858;FT;1218;9533;6077;Ittihad Kalba;Al Ain;1;4;1417789800;1;1;3340;
2014-12-05;431132;FT;1106;6140;6693;Hussein Dey;USM El Harrach;1;2;1417788000;1;1;3600;
2014-12-05;431131;FT;1106;6129;13583;JS Kabylie;RC Arba;2;1;1417793400;1;1;3600;
2014-12-05;466166;FT;1217;6752;12906;Maritzburg United;Pretoria Univ.;0;0;1417798800;1;1;3660;
2014-12-05;439470;FT;1104;6087;6820;Al Hilal Riyadh;Al Raed Buraidah;3;1;1417793700;1;1;3280;
2014-12-05;466056;FT;1476;6234;6236;Al Jazeera J.;Al-Ramtha;0;2;1417793400;1;1;3206;
2014-12-05;450785;FT;126;128;1024;Shakhtar D;Hoverla;4;1;1417795200;1;2;2140;
2014-12-09;461657;FT;606;242;590;Liverpool;Basel;1;1;1418150700;1;2;15;1
2014-12-09;461658;FT;606;280;11440;Real Madrid;Ludogorets;4;0;1418150700;1;2;15;1
2014-12-09;461681;FT;608;125;227;Galatasaray;Arsenal;1;4;1418150700;1;2;15;1
2014-12-09;446877;FT;74;812;816;Forest Green;Woking;2;1;1418150700;1;1;1204;
2014-12-09;446879;FT;74;699;10142;Lincoln City;Nuneaton;3;1;1418150700;1;1;1204;
2014-12-09;461670;FT;607;254;146;Benfica;Bayer Leverkusen;0;0;1418150700;1;2;15;
2014-12-09;445823;FT;2905;2655;13935;Bromley;Bishop's Stortford;3;2;1418150700;1;1;1208;
2014-12-09;446874;FT;74;815;13592;Telford;Welling United;1;2;1418151300;1;1;1204;
2014-12-09;445826;FT;2905;12318;821;Gosport Borough;Hayes and Yeading;1;0;1418150700;1;1;1208;
2014-12-09;445828;FT;2905;14165;3663;Hemel;Staines Town;5;1;1418150700;1;1;1208;
2014-12-09;461682;FT;608;145;136;Borussia Dortmund;Anderlecht;1;1;1418150700;1;2;15;1
2014-12-09;445809;Pst;2905;14166;3216;Whitehawk;Concord Rangers;0;0;1418150700;1;1;1208;
2014-12-09;465726;FT;96;806;683;Doncaster R;Notts County;0;1;1418149800;1;0;1208;
2014-12-09;466692;Pen;96;603;471;Tranmere Rovers;Walsall;2;2;1418150700;1;0;1208;
2014-12-09;448601;FT;2588;12875;902;Union Berlin II;Magdeburg;2;3;1418144400;1;1;1265;
2014-12-09;466452;FT;80;843;2465;Albion Rovers;Berwick Rangers;0;1;1418150700;1;2;1306;
2014-12-09;466453;FT;80;845;3296;Brechin City;Annan Athletic;4;2;1418150700;1;2;1306;
2014-12-09;466454;FT;80;187;834;Dunfermline;Stranraer;1;3;1418150700;1;2;1306;
2014-12-09;466429;FT;1058;561;3022;MTK;Paks;2;1;1418119200;1;0;1681;
2014-12-09;466441;FT;1058;356;562;Debrecen;Sopron;3;1;1418122800;1;0;1681;
2014-12-09;466431;FT;1058;7833;558;Szigetszentmiklos;Gyor;0;0;1418119200;1;0;1681;
2014-12-09;466433;FT;1058;1941;1132;Nyiregyhaza;Bekescsaba;1;0;1418124000;1;0;1681;
2014-12-09;466437;FT;1058;559;1587;Haladas;Pecs;1;2;1418133600;1;0;1681;
2014-12-09;466435;FT;1058;565;6882;Fehervar;Dunaujvaros FC;3;1;1418137200;1;0;1681;
2014-12-09;466667;FT;2797;13065;13752;Juventus U-19;Atletico Madrid U-19;0;3;1418140800;1;1;2000;
2014-12-09;466668;FT;2797;13073;14315;Olympiakos U-19;Malmo U-19;2;0;1418140800;1;1;2000;
2014-12-09;466669;FT;2798;13055;13747;Liverpool U-19;Basel U-19;3;0;1418130000;1;1;2000;
2014-12-09;466670;FT;2798;13742;14316;Real Madrid U-19;Ludogorets U-19;6;0;1418130000;1;1;2000;
2014-12-09;466671;FT;2799;14317;13631;Monaco U-19;Zenit U-19;1;3;1418130000;1;1;2000;
2014-12-09;466672;FT;2799;13744;13740;Benfica U-19;Bayer U-19;4;1;1418133600;1;1;2000;
2014-12-09;466673;FT;2800;13743;13051;Galatasaray U-19;Arsenal U-19;1;3;1418122800;1;1;2000;
2014-12-09;466677;FT;2802;13071;14319;Ajax U-19;APOEL U-19;4;1;1418142600;1;1;2000;
2014-12-09;466678;FT;2802;13057;13061;Barcelona U-19;PSG U-19;0;0;1418148000;1;1;2000;
2014-12-09;466418;FT;1013;13172;393;Cizre Basra;Genclerbirligi;1;2;1418119200;1;1;2129;
2014-12-09;443018;Pst;903;7272;2243;Bala Town;Newtown;0;0;1418150700;1;1;2160;
2014-12-09;431505;Pst;1012;13265;3062;Western Sydney;Perth Glory;0;0;1418110200;1;1;3100;
2014-12-09;466276;FT;1295;9623;6320;Lekhwiya;Al Sailiya SC;2;1;1418126400;1;1;3188;
2014-12-09;466275;FT;1295;6314;6321;Al Gharrafa Club Doha;Al Wakra SC;1;6;1418126400;1;1;3188;
2014-12-09;466277;FT;1295;7047;6316;Al Arabi SC Doha;Qatar SC;2;2;1418135400;1;1;3188;
2014-12-09;466278;FT;1295;6322;7669;Al Shahaniya;Al Ahli SC;1;0;1418135400;1;1;3188;
2014-12-09;466279;FT;1295;6318;6323;Umm Salal SC;Al Khor SC;3;3;1418135400;1;1;3188;
2014-12-09;466254;FT;1475;14611;14612;Chennaiyin FC;Delhi Dynamos;2;2;1418119200;1;1;3222;
2014-12-09;466255;FT;1475;14613;7882;Kerala Blasters;Pune FC;1;0;1418128200;1;1;3222;
2014-12-09;459313;FT;1296;6101;6104;Al Arabi;Al Jahra;2;0;1418131500;1;1;3225;
2014-12-09;459314;FT;1296;8094;6098;Yarmouk;Kazma;0;3;1418131500;1;1;3225;
2014-12-09;459312;FT;1296;6100;6097;Al Kuwait;Al Quadsia;2;1;1418139600;1;1;3225;
2014-12-09;439446;FT;1104;6087;9526;Al Hilal Riyadh;Al Taawon;3;1;1418139300;1;1;3280;
2014-12-09;443865;FT;1218;6826;6079;Ajman;Al Wasl Dubai;1;2;1418135400;;1;3340;
2014-12-09;443866;FT;1218;13108;6074;Dibba Al Fujairah;Al Shabab Dubai;0;3;1418125200;1;1;3340;
2014-12-09;443868;FT;1218;6080;7798;Al Dhafra;Banni Yas;2;3;1418135400;1;1;3340;
2014-12-09;466665;FT;1211;6702;6697;Talaea El Geish;Itthad Al Shourta;3;1;1418133600;1;1;3620;
2014-12-09;466666;FT;1211;6164;9276;Al Zamalek Cairo;Misr El-Maqasha;3;1;1418142600;1;1;3620;
2014-12-09;461646;FT;605;204;495;Juventus;Atletico Madrid;0;0;1418150700;1;2;15;2
2014-12-09;461645;FT;605;372;774;Olympiakos;Malmo FF;4;2;1418150700;1;2;15;
2014-12-09;466161;FT;1217;3016;6336;Kaiser Chiefs;Platinum Stars;2;2;1418142600;1;1;3660;
2014-12-09;461669;FT;607;171;104;Monaco;Zenit;2;0;1418150700;1;2;15;
2014-12-09;446880;FT;74;700;701;Torquay;Halifax;2;1;1418150700;1;1;1204;
2014-12-09;445832;FT;2905;12322;801;Weston-super-Mare;Farnborough;4;3;1418150700;1;1;1208;
2014-12-11;461835;FT;1408;158;596;Borussia Monchengladbach;Zurich;3;0;1418317200;1;2;1160;
2014-12-11;461860;FT;1409;388;236;Besiktas;Tottenham Hotspur;1;0;1418317200;1;2;1160;1
2014-12-11;461859;FT;1409;347;2553;Partizan;Asteras Tripolis;0;0;1418317200;1;2;1160;
2014-12-11;461871;FT;1410;542;7300;Salzburg;Astra Ploiesti;5;1;1418317200;1;2;1160;
2014-12-11;461872;FT;1410;322;179;Dinamo Zagreb;Celtic;4;3;1418317200;1;2;1160;
2014-12-11;461883;FT;1411;222;93;PSV;Dinamo;0;1;1418317200;1;2;1160;
2014-12-11;461895;FT;1412;382;719;Dnipro;Saint-Etienne;1;0;1418313600;1;2;1160;
2014-12-11;461896;FT;1412;1833;195;Qarabag;Inter Milan;0;0;1418313600;1;2;1160;1
2014-12-11;461907;FT;1413;314;212;Standard;Feyenoord;0;3;1418324700;1;2;1160;
2014-12-11;461908;FT;1413;269;661;Sevilla;Rijeka;1;0;1418324700;1;2;1160;
2014-12-11;461920;FT;1414;240;7178;Everton;FK Krasnodar;0;1;1418324700;1;2;1160;
2014-12-11;461919;FT;1414;163;151;Lille;Wolfsburg;0;3;1418324700;1;2;1160;
2014-12-11;461932;FT;1415;527;318;Napoli;Slovan;3;0;1418324700;1;2;1160;1
2014-12-11;461931;FT;1415;595;371;Young Boys;Sparta Praha;2;0;1418324700;1;2;1160;
2014-12-11;461944;FT;1416;1592;652;Rio Ave;AaB Aalborg;2;0;1418324700;1;2;1160;
2014-12-11;461943;FT;1416;137;288;Steaua;Dynamo K.;0;2;1418324700;1;2;1160;
2014-12-11;461956;FT;1417;191;1109;Fiorentina;Dinamo Minsk;1;2;1418324700;1;2;1160;
2014-12-11;461955;FT;1417;380;170;PAOK;Guingamp;1;2;1418324700;1;2;1160;
2014-12-11;461968;FT;1418;329;389;Legia;Trabzonspor;2;0;1418324700;1;2;1160;
2014-12-11;461967;FT;1418;1019;553;Metallist;Lokeren;0;1;1418324700;1;2;1160;
2014-12-11;458615;FT;1292;326;2378;Hapoel Ramat-Gan;Hapoel Natzrat-Elite;2;1;1418310000;1;1;1741;
2014-12-11;466718;FT;2738;6158;598;Aldosivi;Nueva Chicago;0;0;1418324400;1;1;2501;
2014-12-11;466708;FT;2275;3386;6641;Suchitepequez;CSD Comunicaciones;1;1;1418317200;;0;2660;
2014-12-11;466710;FT;2275;3406;3385;Municipal;Marquense;3;0;1418319000;;0;2660;
2014-12-11;466720;FT;3031;1700;1029;Tigres;America;1;0;1418347800;1;0;2702;
2014-12-11;461884;FT;1411;287;1807;Panathinaikos;Estoril;1;1;1418317200;1;2;1160;
2014-12-11;466706;FT;1098;7895;7900;Al Hala Muharraq;Malkiya;2;0;1418306400;1;1;3120;
2014-12-11;456862;FT;1100;6213;6668;Perspolis;Foolad Khuzestan;1;2;1418291100;1;1;3180;
2014-12-11;466704;FT;1098;7899;7894;Busaiteen;Al Shabbab Manama;1;0;1418312700;1;1;3120;
2014-12-11;456868;FT;1100;14196;14197;Padideh Khorasan;Naft Masjed Soleyman;1;1;1418293800;1;1;3180;
2014-12-11;456863;FT;1100;6222;9385;Rah-Ahan;Naft Tehran;0;1;1418293800;1;1;3180;
2014-12-11;456865;FT;1100;7366;6224;Teraktor-Sazi;Zob-Ahan;2;1;1418293800;1;1;3180;
2014-12-11;456866;FT;1100;13632;6219;Esteghlal Khuzestan;Esteghlal;4;4;1418298600;1;1;3180;
2014-12-11;466264;FT;1554;8121;13250;Alshabab;Al Musannah;1;1;1418301900;1;1;3190;
2014-12-11;466265;FT;1554;13735;6302;Sohar;Al-Oruba;0;0;1418303700;1;1;3190;
2014-12-11;466266;AW;1554;6307;6303;Dhufar;Al-Nahda;3;0;1418310900;1;1;3190;
2014-12-11;466259;FT;1476;6234;12928;Al Jazeera J.;Al Sareeh;1;2;1418311800;1;1;3206;
2014-12-11;466258;FT;1476;6233;6232;Shabab Alordon;Al-Hussein;1;2;1418302800;1;1;3206;
2014-12-11;466716;FT;1211;9277;6161;Smouha SC;Al Ahly Cairo;1;3;1418313600;;1;3620;
2014-12-11;466717;FT;3035;-200;-116;Vietnam;Malaysia;2;4;1418295600;1;0;5000;
2014-12-11;466705;FT;1098;7891;7892;Muharraq;East Riffa;3;1;1418304600;1;1;3120;
2014-12-11;461836;FT;1408;325;284;Apollon Limassol;Villarreal;0;2;1418317200;1;2;1160;
2014-12-11;461848;FT;1407;138;197;FC Kobenhavn;Torino;1;5;1418317200;1;2;1160;
2014-12-11;461847;FT;1407;303;315;Club Brugge;HJK Helsinki;2;1;1418317200;1;2;1160;
2014-12-13;466741;AET;943;1698;13265;Cruz Azul;Western Sydney;3;1;1418495400;1;2;1001;
2014-12-13;466740;FT;943;6131;8092;ES Setif;Auckland City;0;1;1418482800;1;2;1001;
2014-12-13;432763;FT;15;456;604;Crystal Palace;Stoke City;1;1;1418479200;1;2;20;
2014-12-13;432765;FT;15;232;461;Leicester City;Manchester City;0;1;1418479200;1;2;20;1
2014-12-13;432767;FT;15;245;246;Sunderland;West Ham United;1;1;1418479200;1;2;20;
2014-12-13;432760;FT;15;227;244;Arsenal;Newcastle United;4;1;1418488200;1;2;20;1
2014-12-13;432769;FT;15;473;237;West Bromwich Albion;Aston Villa;1;0;1418479200;1;2;20;
2014-12-13;466785;FT;102;-197;-142;Uzbekistan;Palestine;1;0;1418472000;1;2;1110;
2014-12-13;433232;FT;72;228;231;Bolton;Ipswich Town;0;0;1418479200;1;2;97;
2014-12-13;433231;FT;72;453;672;Birmingham;Reading;6;1;1418479200;1;2;97;
2014-12-13;433230;FT;72;682;607;Bournemouth;Cardiff City;5;3;1418479200;1;2;97;
2014-12-13;433233;FT;72;673;239;Brentford;Blackburn;3;1;1418479200;1;2;97;
2014-12-13;433235;FT;72;238;600;Charlton Athletic;Blackpool;2;2;1418479200;1;2;97;
2014-12-13;433236;FT;72;241;233;Leeds;Fulham;0;1;1418479200;1;2;97;
2014-12-13;433238;FT;72;463;674;Norwich City;Huddersfield;5;0;1418479200;1;2;97;
2014-12-13;433239;FT;72;467;464;Rotherham;Nottingham Forest;0;0;1418479200;1;2;97;
2014-12-13;433240;FT;72;469;475;Sheffield Wednesday;Wolves;0;1;1418479200;1;2;97;
2014-12-13;433770;FT;205;675;1795;Bristol City;Crawley Town;1;0;1418479200;1;1;1202;
2014-12-13;433237;FT;72;234;230;Middlesbrough;Derby County;2;0;1418469300;1;2;97;
2014-12-13;433241;FT;72;472;677;Watford;Wigan;2;1;1418479200;1;2;97;
2014-12-13;433772;FT;205;680;688;Colchester;Rochdale;1;4;1418479200;1;1;1202;
2014-12-13;433773;FT;205;806;459;Doncaster R;Gillingham;1;2;1418479200;1;1;1202;
2014-12-13;433774;FT;205;3218;468;Fleetwood T.;Sheffield United;1;1;1418479200;1;1;1202;
2014-12-13;433775;FT;205;610;608;Leyton Orient;Peterborough United;1;2;1418479200;1;1;1202;
2014-12-13;433776;FT;205;683;602;Notts County;Swindon Town;0;3;1418479200;1;1;1202;
2014-12-13;433778;FT;205;678;457;Port Vale;Coventry;0;2;1418479200;1;1;1202;
2014-12-13;433777;FT;205;606;817;Oldham Athletic;Yeovil T.;0;4;1418479200;1;1;1202;
2014-12-13;433779;FT;205;466;1893;Preston NE;MK Dons;1;1;1418479200;1;1;1202;
2014-12-13;433780;FT;205;617;458;Scunthorpe Utd;Crewe;2;1;1418479200;1;1;1202;
2014-12-13;433781;FT;205;471;452;Walsall;Barnsley;3;1;1418479200;1;1;1202;
2014-12-13;434322;FT;206;1704;692;Burton Albion;Hartlepool;4;0;1418479200;1;1;1203;
2014-12-13;434323;FT;206;686;689;Cambridge United;Shrewsbury;0;0;1418479200;1;1;1203;
2014-12-13;434324;FT;206;616;603;Dag & Red;Tranmere Rovers;0;1;1418479200;1;1;1203;
2014-12-13;434325;FT;206;694;698;Exeter;Carlisle;2;0;1418479200;1;1;1203;
2014-12-13;434326;FT;206;612;614;Mansfield Town;Cheltenham Town;1;1;1418479200;1;1;1203;
2014-12-13;434327;FT;206;805;764;Morecambe;Luton;3;0;1418479200;1;1;1203;
2014-12-13;434328;FT;206;9289;813;Newport;Stevenage;2;0;1418479200;1;1;1203;
2014-12-13;434329;FT;206;681;687;Northampton;Plymouth;2;3;1418479200;1;1;1203;
2014-12-13;434330;FT;206;696;684;Oxford United;Bury;2;1;1418479200;1;1;1203;
2014-12-13;434331;FT;206;465;1706;Portsmouth;Accrington Stanley;2;3;1418479200;1;1;1203;
2014-12-13;434332;FT;206;605;618;Wycombe Wanderers;Southend Utd;4;1;1418479200;1;1;1203;
2014-12-13;434333;FT;206;611;474;York City;Wimbledon;2;3;1418479200;1;1;1203;
2014-12-13;458370;FT;2640;13024;13017;Fulham U-21;Tottenham U-21;0;2;1418472000;1;1;1206;
2014-12-13;446101;FT;2905;1786;3663;Boreham;Staines Town;3;0;1418479200;1;1;1208;
2014-12-13;445939;FT;2905;10137;2453;Chelmsford;Eastbourne Borough;3;2;1418479200;1;1;1208;
2014-12-13;466765;FT;96;1705;14598;Aldershot;Burgess Hill Town;0;1;1418479200;1;0;1208;
2014-12-13;466753;FT;96;2263;613;Altrincham;Macclesfield Town;1;0;1418479200;1;0;1208;
2014-12-13;466776;FT;96;12314;12318;Basingstoke Town;Gosport Borough;2;2;1418479200;1;0;1208;
2014-12-13;466767;FT;96;12854;700;Bishop Auckland;Torquay;0;5;1418479200;1;0;1208;
2014-12-13;466759;Pst;96;2651;693;Bradford PA;Kidderminster;0;0;1418479200;1;0;1208;
2014-12-13;466782;FT;96;11558;14724;Braintree Town;Sudbury;1;0;1418479200;1;0;1208;
2014-12-13;466777;FT;96;2655;6956;Bromley;Leiston;2;0;1418479200;1;0;1208;
2014-12-13;466779;FT;96;619;2066;Bristol Rovers;Bath;0;2;1418479200;1;0;1208;
2014-12-13;466781;FT;96;3216;808;Concord Rangers;Barnet;0;0;1418479200;1;0;1208;
2014-12-13;466773;FT;96;10140;14171;Dartford;Solihull Moors;2;0;1418479200;1;0;1208;
2014-12-13;466770;FT;96;3491;13592;Ebbsfleet Utd;Welling United;1;1;1418479200;1;0;1208;
2014-12-13;466764;FT;96;10259;2447;FC United of Manchester;Harrogate Town;4;0;1418479200;1;0;1208;
2014-12-13;466778;FT;96;812;14722;Forest Green;Didcot Town;2;2;1418479200;1;0;1208;
2014-12-13;466754;FT;96;14168;1787;Fylde;Gainsborough;3;0;1418479200;1;0;1208;
2014-12-13;466755;FT;96;10141;2663;Guiseley;Chorley;0;2;1418479200;1;0;1208;
2014-12-13;466762;FT;96;2677;14720;Gateshead;Halesowen Town;2;0;1418479200;1;0;1208;
2014-12-13;466775;FT;96;14165;2730;Hemel;Sutton Utd;1;0;1418479200;1;0;1208;
2014-12-13;466752;FT;96;2695;12865;Hyde;Spennymoor Town;4;2;1418479200;1;0;1208;
2014-12-13;466756;FT;96;699;2065;Lincoln City;Alfreton Town;0;2;1418479200;1;0;1208;
2014-12-13;466768;FT;96;2703;10147;Lowestoft Town;Dover;1;3;1418479200;1;0;1208;
2014-12-13;466780;FT;96;2705;14723;Maidenhead;Poole Town;2;1;1418479200;1;0;1208;
2014-12-13;466757;FT;96;14170;822;North Ferriby;Boston U.;1;1;1418479200;1;0;1208;
2014-12-13;466763;FT;96;14719;470;Ramsbottom United;Stockport;0;3;1418479200;1;0;1208;
2014-12-13;466758;FT;96;811;685;Southport;Wrexham;1;1;1418479200;1;0;1208;
2014-12-13;466760;FT;96;815;820;Telford;Chester;1;1;1418479200;1;0;1208;
2014-12-13;433771;FT;205;679;454;Chesterfield;Bradford;0;1;1418479200;1;1;1202;
2014-12-13;466772;FT;96;12322;801;Weston-super-Mare;Farnborough;1;3;1418479200;1;0;1208;
2014-12-13;466769;FT;96;2736;821;Wealdstone;Hayes and Yeading;1;0;1418479200;1;0;1208;
2014-12-13;466766;FT;96;2455;2688;Weymouth;Havant and W;1;1;1418479200;1;0;1208;
2014-12-13;466771;FT;96;14721;2719;Wimborne Town;Oxford City;0;3;1418479200;1;0;1208;
2014-12-13;466774;FT;96;816;2673;Woking;Eastleigh;2;0;1418479200;1;0;1208;
2014-12-13;466783;Pst;96;2451;701;Worcester;Halifax;0;0;1418479200;1;0;1208;
2014-12-13;466751;FT;96;10142;460;Nuneaton;Grimsby;0;2;1418483700;1;0;1208;
2014-12-13;446359;FT;2906;6646;14169;Brackley;Leamington;2;1;1418479200;1;1;1209;
2014-12-13;446335;FT;2906;13416;2643;Gloucester City;Barrow;2;0;1418479200;1;1;1209;
2014-12-13;456046;FT;13;528;3051;Palermo;Sassuolo;2;1;1418486400;1;2;50;
2014-12-13;456044;FT;13;206;193;Lazio;Atalanta;3;0;1418496300;1;2;50;
2014-12-13;458984;FT;70;202;2384;Bologna;Frosinone;2;2;1418475600;1;1;1221;
2014-12-13;458985;FT;70;194;854;Brescia;Spezia;0;1;1418475600;1;1;1221;
2014-12-13;458986;FT;70;11501;526;Carpi;Modena;1;0;1418475600;1;1;1221;
2014-12-13;458987;FT;70;519;517;Cittadella;Bari;0;1;1418475600;1;1;1221;
2014-12-13;458988;FT;70;522;11834;Crotone;Pro Vercelli;0;1;1418475600;1;1;1221;
2014-12-13;458990;FT;70;859;874;Livorno;Catania;4;2;1418475600;1;1;1221;
2014-12-13;458991;FT;70;884;873;Pescara;Avellino;0;0;1418475600;1;1;1221;
2014-12-13;458992;FT;70;534;6759;Ternana;Virtus Lanciano;0;1;1418475600;1;1;1221;
2014-12-13;466619;FT;70;12891;535;Virtus Entella;Vicenza;2;1;1418475600;1;1;1221;
2014-12-13;462603;FT;925;9525;2346;Sudtirol;Pavia;0;0;1418473800;1;1;1222;
2014-12-13;462602;FT;925;7345;6742;Renate;Bassano Virtus;2;1;1418475600;1;1;1222;
2014-12-13;462600;FT;925;2382;13658;Novara;Pordenone;2;0;1418479200;1;1;1222;
2014-12-13;462601;FT;925;14276;2376;Real Vicenza;Mantova;2;0;1418482800;1;1;1222;
2014-12-13;462599;FT;925;11496;14275;Feralpi Salo;GIANA Erminio;1;0;1418491800;1;1;1222;
2014-12-13;462238;FT;924;11560;14281;L'Aquila;Pro Piacenza;0;1;1418473800;1;1;1223;
2014-12-13;462242;FT;924;2581;2348;Prato;Grosseto;1;1;1418475600;1;1;1223;
2014-12-13;462240;FT;924;866;516;Pisa;Ancona;2;1;1418479200;1;1;1223;
2014-12-13;462236;FT;924;14279;14277;Ascoli Picchio;Santarcangelo;2;0;1418482800;1;1;1223;
2014-12-13;462237;FT;924;9524;529;Gubbio;Pistoiese;1;1;1418491800;1;1;1223;
2014-12-13;462957;FT;3001;14221;14284;Casertana;Vigor Lamezia;3;0;1418473800;1;1;1224;
2014-12-13;462965;FT;3001;530;2386;Reggina;Foggia;0;2;1418475600;1;1;1224;
2014-12-13;462956;FT;3001;6743;531;Barletta;Salernitana;1;0;1418479200;1;1;1224;
2014-12-13;462959;FT;3001;199;14288;Lecce;Martina Franca;0;1;1418482800;1;1;1224;
2014-12-13;452201;FT;14;1126;268;Getafe;Barcelona;0;0;1418479200;1;2;30;1
2014-12-13;452203;FT;14;274;279;Valencia;Rayo Vallecano;3;0;1418486400;1;2;30;
2014-12-13;452200;FT;14;498;504;Cordoba;Levante;0;0;1418493600;1;2;30;
2014-12-13;452206;FT;14;278;276;Malaga;Celta Vigo;1;0;1418500800;1;2;30;
2014-12-13;456462;FT;73;9393;1763;Barcelona B;Mirandes;1;3;1418486400;1;1;1241;
2014-12-13;456456;FT;73;513;514;Racing Santander;Sporting Gijon;1;1;1418486400;1;1;1241;
2014-12-13;456457;FT;73;11857;265;Lugo;Real Betis;0;1;1418487300;1;1;1241;
2014-12-13;456464;FT;73;511;283;Recreativo Huelva;Las Palmas;2;4;1418493600;1;1;1241;
2014-12-13;459663;FT;2179;14230;14228;Valladolid II;Lealtad;1;0;1418478300;1;1;1244;
2014-12-13;459661;FT;2179;510;12172;Ferrol;Celta II;4;0;1418482800;1;1;1244;
2014-12-13;459669;FT;2179;508;1125;Oviedo;Compostela;1;0;1418495400;1;1;1244;
2014-12-13;459664;FT;2179;12181;14227;Guijuelo;Langreo;3;0;1418486400;1;1;1244;
2014-12-13;460049;FT;2180;12180;12931;Athletic II;Fuenlabrada;2;2;1418480100;1;1;1244;
2014-12-13;460048;FT;2180;12182;12175;Amorebieta;Getafe II;2;0;1418482800;1;1;1244;
2014-12-13;460046;FT;2180;14233;7432;Leioa;Toledo;2;4;1418486400;1;1;1244;
2014-12-13;460044;FT;2180;2265;12177;Real Madrid Castilla;Real Sociedad II;3;1;1418482800;1;1;1244;
2014-12-13;460804;FT;2182;12185;12195;Granada II;Almeria II;2;0;1418479200;1;1;1244;
2014-12-13;460809;FT;2182;1590;13672;Cadiz;Cordoba II;3;0;1418488200;1;1;1244;
2014-12-13;439965;FT;11;2326;143;Augsburg;Bayern Munich;0;4;1418477400;1;2;40;1
2014-12-13;439969;FT;11;148;155;SC Freiburg;Hamburg;0;0;1418477400;1;2;40;
2014-12-13;439967;FT;11;147;145;Hertha Berlin;Borussia Dortmund;1;0;1418477400;1;2;40;1
2014-12-13;439968;FT;11;149;483;Werder Bremen;Hannover;3;3;1418477400;1;2;40;
2014-12-13;439961;FT;11;144;152;Schalke;Cologne;1;2;1418477400;1;2;40;
2014-12-13;460805;FT;2182;7565;13671;UD Marbella;El Palo;0;0;1418490000;1;1;1244;
2014-12-13;440275;FT;71;889;481;Eintracht Braunschweig;Union Berlin;1;1;1418468400;1;2;1261;
2014-12-13;439964;FT;11;482;157;Mainz;Stuttgart;1;1;1418488200;1;2;40;
2014-12-13;440277;FT;71;153;484;1860 Munchen;Karlsruher;2;3;1418468400;1;2;1261;
2014-12-13;440282;FT;71;3451;897;FSV Frankfurt;Fortuna Dusseldorf;0;2;1418468400;1;2;1261;
2014-12-13;440655;FT;1195;917;156;Dynamo Dresden;Energie;1;0;1418472000;1;1;1262;
2014-12-13;440647;FT;1195;918;154;Erfurt;Hansa;4;1;1418472000;1;1;1262;
2014-12-13;440653;FT;1195;6686;477;Hallescher FC;Arminia Bielefeld;0;3;1418472000;1;1;1262;
2014-12-13;440648;FT;1195;899;2480;Holstein Kiel;Borussia D. II;0;2;1418472000;1;1;1262;
2014-12-13;440654;FT;1195;896;891;Osnabruck;Chemnitzer;2;0;1418472000;1;1;1262;
2014-12-13;440646;FT;1195;903;2331;Preussen Munster;Stuttgart II;1;0;1418472000;1;1;1262;
2014-12-13;440650;FT;1195;924;914;Regensburg;Stuttgarter Kickers;0;2;1418472000;1;1;1262;
2014-12-13;440651;FT;1195;7318;486;Sonnenhof Grosaspach;Duisburg;1;1;1418472000;1;1;1262;
2014-12-13;440649;FT;1195;923;490;Wehen;Unterhaching;4;0;1418472000;1;1;1262;
2014-12-13;448340;FT;1293;7360;7042;Fortuna Dusseldorf II;Sportfreunde Lotte;0;3;1418472000;1;1;1265;
2014-12-13;448338;FT;1293;12922;476;Hennef 05;Alemannia Aachen;1;1;1418472000;1;1;1265;
2014-12-13;448334;Pst;1293;14174;3019;Rodinghausen;Borussia M. II;0;0;1418472000;1;1;1265;
2014-12-13;448341;Pst;1293;892;1957;Uerdingen;Cologne II;0;0;1418472000;1;1;1265;
2014-12-13;448335;FT;1293;906;12880;Verl;Kray;5;0;1418472000;1;1;1265;
2014-12-13;448342;FT;1293;12882;2482;Viktoria Koln;Schalke II;1;0;1418472000;1;1;1265;
2014-12-13;434896;FT;10;161;164;Nantes;Bordeaux;2;1;1418482800;;2;60;
2014-12-13;434890;FT;10;168;166;Bastia;Rennes;2;0;1418493600;1;2;60;
2014-12-13;434893;FT;10;176;172;Lorient;Metz;3;1;1418493600;1;2;60;
2014-12-13;434898;FT;10;1088;7371;Reims;Evian Thonon Gaillard;3;2;1418493600;1;2;60;
2014-12-13;434895;FT;10;177;174;Montpellier;Lens;3;3;1418493600;1;2;60;
2014-12-13;435263;FT;207;1435;1838;Dijon;Brest;1;0;1418472000;1;2;1281;
2014-12-13;437634;FT;12;189;185;Dundee United;Aberdeen;0;2;1418479200;1;2;1300;
2014-12-13;437635;FT;12;838;184;Hamilton;Dundee;2;1;1418479200;1;2;1300;
2014-12-13;437636;FT;12;827;828;Inverness C.T;Partick Thistle;0;4;1418479200;1;2;1300;
2014-12-13;437638;FT;12;182;188;Kilmarnock;St. Johnstone;0;1;1418479200;;2;1300;
2014-12-13;437637;FT;12;186;830;Motherwell;Ross County;2;2;1418479200;1;2;1300;
2014-12-13;437819;Pst;77;837;183;Cowdenbeath;Hearts;0;0;1418479200;1;1;1301;
2014-12-13;437820;FT;77;847;829;Dumbarton;Raith Rovers;2;1;1418479200;1;1;1301;
2014-12-13;437817;FT;77;181;833;Hibernian;Alloa Athletic;2;0;1418479200;1;1;1301;
2014-12-13;437818;FT;77;190;832;Livingston;Falkirk;0;1;1418479200;1;1;1301;
2014-12-13;437998;FT;78;826;187;Airdrie;Dunfermline;3;1;1418479200;;1;1302;
2014-12-13;437999;FT;78;825;841;Ayr United;Stenhousemuir;2;3;1418479200;1;1;1302;
2014-12-13;438000;FT;78;842;846;Forfar Athletic;Stirling Albion;2;1;1418479200;1;1;1302;
2014-12-13;437997;FT;78;840;845;Greenock Morton;Brechin City;2;2;1418479200;1;1;1302;
2014-12-13;438001;FT;78;851;834;Peterhead;Stranraer;1;4;1418479200;1;1;1302;
2014-12-13;442470;FT;79;3296;850;Annan Athletic;East Fife;2;1;1418479200;1;1;1303;
2014-12-13;442468;FT;79;10588;823;East Stirlingshire;Arbroath;2;3;1418479200;1;1;1303;
2014-12-13;442467;FT;79;824;843;Clyde;Albion Rovers;0;1;1418479200;1;1;1303;
2014-12-13;442469;Pst;79;844;2465;Elgin City;Berwick Rangers;0;0;1418479200;1;1;1303;
2014-12-13;442471;FT;79;852;848;Montrose;Queen's Park;1;2;1418479200;1;1;1303;
2014-12-13;445149;FT;68;251;1122;Gil Vicente;Academica;1;1;1418482800;1;2;1320;
2014-12-13;445155;FT;68;1819;1123;Penafiel;Nacional;2;1;1418482800;1;2;1320;
2014-12-13;445150;FT;68;250;3852;Pacos de Ferreira;Arouca;2;1;1418482800;1;2;1320;
2014-12-13;445153;FT;68;257;252;Belenenses;Braga;0;1;1418498100;1;2;1320;
2014-12-13;444706;FT;1274;12902;12901;Sporting B;Porto B;2;1;1418479200;1;1;1324;
2014-12-13;444704;FT;1274;6042;1811;Freamunde;Aves;1;1;1418486400;1;1;1324;
2014-12-13;436072;FT;16;957;944;ADO Den Haag;Excelsior;2;2;1418492700;1;2;1340;
2014-12-13;436071;FT;16;221;225;NAC;Heerenveen;0;2;1418488200;1;2;1340;
2014-12-13;436078;FT;16;226;943;Willem II;Zwolle;0;1;1418492700;1;2;1340;
2014-12-13;436074;FT;16;948;941;Go Ahead Eagles;Cambuur Leeuwarden;1;2;1418496300;1;2;1340;
2014-12-13;436413;FT;91;6967;956;Achilles 29;VV Venlo;3;0;1418481000;1;1;1341;
2014-12-13;431742;FT;63;548;2623;Genk;Kortrijk;3;0;1418486400;1;2;1360;
2014-12-13;431747;FT;63;1381;555;Cercle Brugge;Mouscron;2;1;1418493600;1;2;1360;
2014-12-13;432762;FT;15;229;691;Chelsea;Hull City;2;0;1418479200;1;2;20;1
2014-12-13;431746;FT;63;2613;547;Waasland;Charleroi;1;3;1418493600;1;2;1360;
2014-12-13;448041;FT;753;2961;11648;Excelsior V;Patro Eisden;2;0;1418486400;1;1;1361;
2014-12-13;448037;FT;753;1604;1608;Geel;Roeselare;3;0;1418493600;;1;1361;
2014-12-13;448038;FT;753;554;9291;KVSK United;KSK Heist;1;0;1418493600;1;1;1361;
2014-12-13;448042;FT;753;1087;2063;Mons;WS Woluwe;1;1;1418493600;1;1;1361;
2014-12-13;448040;FT;753;2625;1605;Tubize;Eupen;0;0;1418493600;;1;1361;
2014-12-13;430940;FT;735;296;6113;Tirana;Skenderbeu;2;0;1418468400;1;1;1380;
2014-12-13;430944;FT;735;110;7429;Vllaznia;Laci;1;0;1418468400;1;1;1380;
2014-12-13;430942;FT;735;370;6108;Apolonia;Elbasani;0;1;1418479200;1;1;1380;
2014-12-13;430941;FT;735;6109;6107;Flamurtari;Partizani;1;0;1418479200;1;1;1380;
2014-12-13;439587;FT;62;1901;543;Altach;Sturm;2;0;1418479200;1;2;1420;
2014-12-13;439586;FT;62;536;12773;Admira;Wolfsberger AC;2;1;1418488200;1;2;1420;
2014-12-13;439584;FT;62;537;6592;Austria V;SV Grodig;1;0;1418488200;1;2;1420;
2014-12-13;439585;FT;62;541;6591;Ried;Wiener Neustadt;6;0;1418488200;1;2;1420;
2014-12-13;458209;Pst;1107;6118;3002;AZAL;Araz;0;0;1418472000;1;1;1440;
2014-12-13;458208;FT;1107;6121;6119;Simurq;Inter Baki;1;1;1418472000;1;1;1440;
2014-12-13;431949;FT;755;634;105;Slavia Sofia;Levski;3;1;1418465700;1;1;1500;
2014-12-13;431948;FT;755;14088;343;Haskovo;Lovech;1;4;1418468400;1;1;1500;
2014-12-13;431946;FT;755;639;642;Marek;Beroe;0;3;1418468400;1;1;1500;
2014-12-13;431944;FT;755;351;640;CSKA Sofia;Cherno More;3;1;1418475600;1;1;1500;
2014-12-13;432125;FT;212;333;7256;Osijek;NK Lokomotiva;0;2;1418475600;1;1;1520;
2014-12-13;432128;FT;212;141;7333;Hajduk Split;NK Istra 1961;5;3;1418482800;1;1;1520;
2014-12-13;447689;FT;902;2557;3032;Doxa;Agia Napa;1;0;1418479200;1;1;1540;
2014-12-13;447686;Pst;902;2235;14164;Nea Salamis;Othellos;0;0;1418486400;1;1;1540;
2014-12-13;445470;FT;208;12287;2473;Platanias;Niki Volou;3;1;1418472000;1;2;1660;
2014-12-13;445472;FT;208;12275;2803;Kallonis;Panaitolikos;0;0;1418480100;1;2;1660;
2014-12-13;445476;FT;208;2268;372;Levadiakos;Olympiakos;1;2;1418488200;1;2;1660;
2014-12-13;466725;FT;3011;13176;13933;Ethnikos Gazoros;Apollon Kalamarias;1;0;1418472000;1;1;1662;
2014-12-13;466724;FT;3011;6899;2798;Zakynthos;Lamia;0;1;1418472000;1;1;1662;
2014-12-13;451615;FT;123;1042;1041;Maccabi Netanya;Ashdod SC;0;0;1418472000;1;1;1740;
2014-12-13;451620;FT;123;1043;348;Hapoel Petah Tikva;Maccabi T-A;1;3;1418480100;1;1;1740;
2014-12-13;451618;FT;123;1046;1050;Bnei Sakhnin;Hapoel Beer Sheva;2;0;1418482800;1;1;1740;
2014-12-13;451616;FT;123;7331;7024;Ironi Kiryat Shmona;Hapoel Acre FC;2;2;1418482800;1;1;1740;
2014-12-13;451614;FT;123;1045;1044;Hapoel Tel Aviv;Maccabi Petah Tikva;1;2;1418489100;1;1;1740;
2014-12-13;466784;FT;102;-41;-103;China PR;Kyrgyzstan;4;0;1418466900;1;2;1110;
2014-12-13;459398;FT;1214;6747;14172;Tarxien Rainbows;Zebbug Rangers;1;2;1418472000;1;1;1860;
2014-12-13;459399;FT;1214;11696;119;Mosta;Naxxar Lions;1;2;1418479200;1;1;1860;
2014-12-13;459400;FT;1214;361;11697;Birkirkara FC;Balzan Youths;0;0;1418480100;1;1;1860;
2014-12-13;451794;FT;1109;9387;6249;FC Milsami Orhei;Olimpia Balti;4;0;1418464800;1;1;1880;
2014-12-13;451796;FT;1109;124;6251;Sherif;Dinamo Bender;7;2;1418472000;1;1;1880;
2014-12-13;451795;Pst;1109;12372;13600;Saxan;Veris;0;0;1418479200;1;1;1880;
2014-12-13;442008;FT;1103;1892;6294;Ballymena Utd;Crusaders FC;0;2;1418479200;1;1;1920;
2014-12-13;442009;FT;1103;3410;6299;Cliftonville;Institute FC;4;0;1418479200;1;1;1920;
2014-12-13;442010;FT;1103;3004;300;Dungannon;Glentoran FC;2;3;1418479200;1;1;1920;
2014-12-13;442011;FT;1103;324;1053;Glenovan;Coleraine FC;2;3;1418479200;1;1;1920;
2014-12-13;442012;FT;1103;107;12774;Linfield FC;Ballinamallard United;3;0;1418479200;1;1;1920;
2014-12-13;436777;FT;66;1563;578;Jagiellonia;Gornik Zabrze;1;0;1418477400;1;2;1960;
2014-12-13;436651;FT;66;583;130;Ruch Chorzow;Wisla Krakow;1;2;1418477400;1;2;1960;
2014-12-13;436770;FT;66;1093;3398;Lech;Lechia Gdansk;1;0;1418486400;1;2;1960;
2014-12-13;466792;Pen;3037;295;3449;Dinamo B;Universitatea Cluj;0;0;1418490000;1;0;1984;
2014-12-13;452545;FT;17;1622;7968;Buyuksehir;Balikesirspor;1;0;1418466600;1;2;2120;
2014-12-13;452550;FT;17;2943;393;Akhisar Bld genclik;Genclerbirligi;1;1;1418475600;1;2;2120;
2014-12-13;452552;FT;17;2875;2891;Kasimpasa;Eskisehirspor;1;0;1418486400;1;2;2120;
2014-12-13;452549;FT;17;1407;125;Konyaspor;Galatasaray;0;5;1418486400;1;2;2120;
2014-12-13;452853;FT;752;7977;2277;Altinordu;Orduspor;3;0;1418468400;1;2;2121;
2014-12-13;452852;FT;752;2888;2121;Bucaspor;B.B. Gaziantep;1;1;1418468400;1;2;2121;
2014-12-13;452857;FT;752;1620;1628;Demirspor Adana;Manisaspor;1;1;1418468400;1;2;2121;
2014-12-13;452859;FT;752;1406;391;Osmanlispor;Samsunspor;0;0;1418468400;1;2;2121;
2014-12-13;452855;FT;752;1621;629;Kayserispor;Adanaspor;3;1;1418475600;1;2;2121;
2014-12-13;453204;FT;1513;7808;7992;1461 Trabzon;Tavsanli Belediye Linyitspor;5;1;1418464800;1;1;2124;
2014-12-13;453206;FT;1513;2894;2940;Tarsus Idman Yurdu;Keciorengucu;1;2;1418466600;1;1;2124;
2014-12-13;453833;AW;1508;7995;7993;Akcaabat Sebatspor;Bozuyukspor;3;0;1418466600;1;1;2126;
2014-12-13;454143;FT;1507;14189;2947;Cine Madranspor;Denizli Belediyespor;1;2;1418466600;1;1;2126;
2014-12-13;453838;FT;1508;14185;13695;Tire 1922;Tuzlaspor;2;3;1418466600;1;1;2126;
2014-12-13;454448;FT;1509;13804;13691;Bayburt IOI;Ayvalikgucu;4;1;1418464800;1;1;2126;
2014-12-13;454446;FT;1509;6794;13687;Gungorenspor;Balcova;4;3;1418466600;1;1;2126;
2014-12-13;443042;FT;903;2237;6586;Airbus;Prestatyn Town FC;2;1;1418477400;1;1;2160;
2014-12-13;443044;FT;903;7272;7273;Bala Town;Elements Cefn Druids;3;1;1418477400;1;1;2160;
2014-12-13;443043;FT;903;2243;2244;Newtown;Carmarthen;0;2;1418477400;;1;2160;
2014-12-13;466242;FT;1320;7129;14208;Nacional Potosi;Universitario Cobija;3;2;1418495400;1;1;2520;
2014-12-13;466240;FT;1320;12896;3334;Petrolero;Real Potosi;2;0;1418495400;1;1;2520;
2014-12-13;466788;FT;1427;1849;10750;Deportes Tolima;Itagui Ditaires;1;2;1418498100;1;1;2600;
2014-12-13;466789;FT;1427;1850;2167;Deportivo Cali;Indep. Medellin;2;1;1418506200;1;1;2600;
2014-12-13;466786;FT;2269;6182;6178;Aguila;FAS;1;0;1418515200;;0;2644;
2014-12-13;466709;FT;2275;6641;3386;CSD Comunicaciones;Suchitepequez;1;0;1418504400;;0;2660;
2014-12-13;431508;FT;1012;3494;3065;Wellington Phoenix;Central Coast Mariners;1;1;1418439900;1;1;3100;
2014-12-13;431510;FT;1012;3059;2472;Melbourne Victory;Sydney FC;3;3;1418455800;1;1;3100;
2014-12-13;465388;FT;1213;6203;12995;South China AA;Yuen Long;5;2;1418448600;1;1;3160;
2014-12-13;466557;FT;1295;6323;7047;Al Khor SC;Al Arabi SC Doha;1;0;1418472000;;1;3188;
2014-12-13;466558;FT;1295;6316;9623;Qatar SC;Lekhwiya;1;3;1418472000;1;1;3188;
2014-12-13;466561;FT;1295;6321;11949;Al Wakra SC;Al Jaish;2;1;1418481000;1;1;3188;
2014-12-13;466559;FT;1295;6318;6314;Umm Salal SC;Al Gharrafa Club Doha;4;3;1418481000;1;1;3188;
2014-12-13;466761;FT;799;1520;3661;Gamba Osaka;Montedio Yamagata;3;1;1418443200;1;0;3202;
2014-12-13;466262;FT;1476;6230;6239;Al-Faysali;Al Ahly;0;1;1418475600;1;1;3206;
2014-12-13;466263;FT;1476;9542;11883;Mansheyat;That Ras;0;2;1418484600;1;1;3206;
2014-12-13;466742;FT;3036;14613;14611;Kerala Blasters;Chennaiyin FC;3;0;1418473800;1;0;3222;
2014-12-13;459323;FT;1296;6102;6105;Al Tadhamon;Al Sahil;1;0;1418472000;1;1;3225;
2014-12-13;459322;FT;1296;6098;6103;Kazma;Al Nasar;2;1;1418472000;1;1;3225;
2014-12-13;459321;FT;1296;8095;6099;Al Fehaiheel;Al Salmiyah;1;6;1418481000;1;1;3225;
2014-12-13;459318;FT;1296;7944;7054;Al Sulaibikhat;Al Shabab;1;0;1418481000;1;1;3225;
2014-12-13;466735;FT;1101;6262;6272;Al Ahed Beirut;Tadamon Sour Tyre;3;1;1418469300;1;1;3240;
2014-12-13;466737;FT;1101;6267;14502;Nejmeh Beirut;Al-Nabi Shayth;0;0;1418473800;1;1;3240;
2014-12-13;466736;FT;1101;6270;7056;Racing Beirut;Al Shbab Al Qazeia;0;2;1418469300;1;1;3240;
2014-12-13;439474;FT;1104;6820;12871;Al Raed Buraidah;Al Shoalah;1;0;1418468700;1;1;3280;
2014-12-13;439475;FT;1104;6094;13606;Najran SC;Al Orubah;2;0;1418470200;1;1;3280;
2014-12-13;439476;FT;1104;6089;6087;Al Nasr Riyadh;Al Hilal Riyadh;1;0;1418485500;1;1;3280;
2014-12-13;466747;FT;1211;6175;9276;El Gounah;Misr El-Maqasha;2;2;1418470200;;1;3620;
2014-12-13;466749;FT;1211;6696;14314;El Ittihad Al Sakandary;Nasr;1;2;1418479200;1;1;3620;
2014-12-13;466746;FT;1211;6697;7107;Itthad Al Shourta;Dakhlia;4;1;1418470200;1;1;3620;
2014-12-13;466748;FT;1211;6165;14313;Ismaily SC;Alaab Damanhour;2;1;1418479200;1;1;3620;
2014-12-13;466750;FT;1211;9275;6702;Wadi Degla FC;Talaea El Geish;3;0;1418488200;1;1;3620;
2014-12-13;457061;FT;1216;6277;6275;OCK Khouribga;IZK Khemisset;1;0;1418475600;1;1;3640;
2014-12-13;466573;FT;1217;7370;6328;Mpumalanga Black Aces;Free State Stars;2;2;1418473800;1;1;3660;
2014-12-13;466574;FT;1217;12906;2285;Pretoria Univ.;Mamelodi Sundowns;1;1;1418473800;1;1;3660;
2014-12-13;466572;FT;1217;3016;12904;Kaiser Chiefs;Chippa United;1;0;1418482800;1;1;3660;
2014-12-13;466575;FT;1217;6332;12905;SuperSport United;Polokwane City;1;1;1418482800;1;1;3660;
2014-12-13;466576;FT;1217;3014;6327;Orlando Pirates;Ajax Cape Town;4;0;1418490900;1;1;3660;
2014-12-13;461103;FT;1105;6349;6342;Hammam-Lif;Monastir;1;1;1418472000;1;1;3680;
2014-12-13;461109;FT;1105;6344;7315;Marsa;Kairouanaise;1;0;1418472000;1;1;3680;
2014-12-13;431745;FT;63;552;379;Lierse;Westerlo;3;3;1418493600;1;2;1360;
2014-12-13;432761;FT;15;455;235;Burnley;Southampton;1;0;1418479200;1;2;20;
2014-12-13;459397;FT;1214;6241;6243;Floriana FC;Pieta Hotspurs;1;1;1418472000;1;1;1860;
2014-12-15;458499;FT;2975;13005;13009;Arsenal U-21;Bolton U-21;1;3;1418666400;1;1;1207;
2014-12-15;458500;FT;2975;13013;13022;Aston Villa U-21;Middlesbrough U-21;0;0;1418666400;1;1;1207;
2014-12-15;456041;FT;13;523;197;Empoli;Torino;0;0;1418662800;1;2;50;
2014-12-15;456040;FT;13;198;195;Chievo;Inter Milan;0;2;1418670000;1;2;50;1
2014-12-15;458501;Pst;2975;13010;14224;Blackburn U-21;Derby County U-21;0;0;1418666400;1;1;1207;
2014-12-15;458989;FT;70;11831;7351;Latina;Varese;1;0;1418668200;1;1;1221;
2014-12-15;462598;FT;925;2347;1671;Cremonese;Pro Patria;3;1;1418669100;1;1;1222;
2014-12-15;448336;Pst;1293;912;487;Siegen;Oberhausen;0;0;1418667300;1;1;1265;
2014-12-15;452197;FT;14;277;500;Deportivo;Elche;1;0;1418669100;1;2;30;
2014-12-15;432127;FT;212;660;661;Zagreb;Rijeka;1;2;1418659200;1;1;1520;
2014-12-15;447687;FT;902;1084;1055;APOEL;AEK Larnaca;4;4;1418659200;1;1;1540;
2014-12-15;435268;FT;207;167;711;Troyes;Nimes;2;0;1418668200;1;2;1281;
2014-12-15;447688;FT;902;325;3632;Apollon Limassol;Ermis Aradippou;3;2;1418659200;;1;1540;
2014-12-15;451619;FT;123;1048;7023;Beitar Jerusalem;Amutat Hapoel Raanana;0;0;1418662800;1;1;1740;
2014-12-15;458690;FT;1292;326;3054;Hapoel Ramat-Gan;Hakoach Amidar RG;1;0;1418655600;1;1;1741;
2014-12-15;458688;FT;1292;2378;1964;Hapoel Natzrat-Elite;Bnei Yehuda;1;1;1418659200;1;1;1741;
2014-12-15;458693;FT;1292;7026;13612;Ironi Nir Ramat HaSharon;Hapoel Afula;0;1;1418659200;1;1;1741;
2014-12-15;458691;FT;1292;7029;7027;Maccabi Ironi Kiryat Ata;Hapoel Jerusalem FC;0;1;1418659200;1;1;1741;
2014-12-15;452546;FT;17;389;398;Trabzonspor;Rizespor;3;2;1418662800;;2;2120;
2014-12-15;436772;FT;66;2021;7335;Piast Gliwice;Pogon Szczecin;1;0;1418659200;1;2;1960;
2014-12-15;452854;FT;752;401;3642;Denizlispor;Sanliurfaspor;1;0;1418659200;1;2;2121;
2014-12-15;466803;FT;1146;2318;6158;Gimnasia Jujuy;Aldosivi;0;1;1418681700;1;1;2503;
2014-12-15;454452;FT;1509;2901;2881;Ankara Demirspor;Anadolu Uskudar;0;2;1418639400;1;1;2126;
2014-12-15;443872;FT;1218;9533;2475;Ittihad Kalba;Al Nasr;2;0;1418643600;1;1;3340;
2014-12-15;443878;FT;1218;7799;6826;Emirates;Ajman;0;2;1418653800;1;1;3340;
2014-12-15;443873;FT;1218;3630;6082;Al Wahda FC Abu Dhabi;Al Ahli Dubai;1;2;1418653800;1;1;3340;
2014-12-15;457067;FT;1216;9534;6284;Chabab Rif Hoceima;MAT Tetouan;1;1;1418652000;1;1;3640;
2014-12-15;466800;FT;1211;6170;9277;ENPPI Cairo;Smouha SC;2;1;1418652000;1;1;3620;
2014-12-15;466801;FT;1211;6161;6700;Al Ahly Cairo;Haras El Hedood;3;0;1418661000;1;1;3620;
2014-12-15;432764;FT;15;240;676;Everton;QPR;3;1;1418670000;1;2;20;
2014-12-15;466802;FT;96;2651;693;Bradford PA;Kidderminster;1;4;1418669100;1;0;1208;
2014-12-15;458374;FT;2640;13642;13015;Leicester City U-21;Southampton U-21;3;3;1418666400;1;1;1206;
2014-12-21;466981;FT;102;-197;-97;Uzbekistan;Jordan;2;1;1419162300;1;2;1110;
2014-12-21;432774;FT;15;244;245;Newcastle United;Sunderland;0;1;1419165000;1;2;20;
2014-12-21;456052;FT;13;203;198;Verona;Chievo;0;1;1419157800;1;2;50;
2014-12-21;432772;FT;15;242;227;Liverpool;Arsenal;2;2;1419174000;1;2;20;2
2014-12-21;456049;FT;13;193;528;Atalanta;Palermo;3;3;1419166800;1;2;50;
2014-12-21;456058;FT;13;197;524;Torino;Genoa;2;1;1419166800;1;2;50;
2014-12-21;456053;FT;13;195;206;Inter Milan;Lazio;2;2;1419187500;1;2;50;1
2014-12-21;462614;FT;925;856;2347;Sassari Torres;Cremonese;3;2;1419157800;1;1;1222;
2014-12-21;462606;FT;925;7346;7345;Alessandria;Renate;1;1;1419165000;1;1;1222;
2014-12-21;462611;FT;925;2346;520;Pavia;Como;1;2;1419177600;1;1;1222;
2014-12-21;462607;FT;925;6742;870;Bassano Virtus;Monza;2;1;1419170400;1;1;1222;
2014-12-21;462254;FT;924;1670;13655;Teramo;Savona;4;0;1419165000;1;1;1223;
2014-12-21;462252;FT;924;865;861;Reggiana;Lucchese;1;1;1419170400;1;1;1223;
2014-12-21;462248;FT;924;14280;2383;Forli;San Marino Calcio;1;0;1419177600;1;1;1223;
2014-12-21;462973;FT;3001;531;525;Salernitana;Messina;1;0;1419152400;1;1;1224;
2014-12-21;462970;FT;3001;14285;199;Ischia;Lecce;2;1;1419157800;1;1;1224;
2014-12-21;462968;FT;3001;875;530;Catanzaro;Reggina;1;0;1419165000;1;1;1224;
2014-12-21;462967;FT;3001;878;14287;Benevento;Nuova Cosenza;3;2;1419170400;1;1;1224;
2014-12-21;462975;FT;3001;14284;2385;Vigor Lamezia;Juve Stabia;1;1;1419170400;1;1;1224;
2014-12-21;462972;FT;3001;14283;13660;Melfi;Matera;1;1;1419177600;1;1;1224;
2014-12-21;462615;FT;925;868;2382;Arezzo;Novara;0;0;1419165000;1;1;1222;
2014-12-21;452212;FT;14;3496;1126;Granada CF;Getafe;1;1;1419174000;1;2;30;
2014-12-21;452207;FT;14;500;278;Elche;Malaga;1;2;1419181200;1;2;30;
2014-12-21;452208;FT;14;284;277;Villarreal;Deportivo;3;0;1419156000;1;2;30;
2014-12-21;452209;FT;14;267;495;Athletic Bilbao;Atletico Madrid;1;4;1419188400;1;2;30;1
2014-12-21;456468;FT;73;265;513;Real Betis;Racing Santander;2;0;1419156000;1;1;1241;
2014-12-21;456471;FT;73;494;11848;Albacete;Llagostera;0;2;1419156900;1;1;1241;
2014-12-21;456467;FT;73;514;7562;Sporting Gijon;AD Alcorcon;2;1;1419174000;1;1;1241;
2014-12-21;456476;FT;73;503;511;Leganes;Recreativo Huelva;2;0;1419178500;1;1;1241;
2014-12-21;456475;FT;73;283;266;Las Palmas;Osasuna;1;2;1419181200;1;1;1241;
2014-12-21;456474;FT;73;282;9393;Real Valladolid;Barcelona B;7;0;1419181200;1;1;1241;
2014-12-21;459672;FT;2179;11852;510;Marino de Luanco;Ferrol;1;1;1419156000;1;1;1244;
2014-12-21;459671;FT;2179;12174;12172;Coruxo;Celta II;0;2;1419171300;1;1;1244;
2014-12-21;459678;FT;2179;13665;12933;Tropezon;Real Aviles;1;2;1419174000;1;1;1244;
2014-12-21;459677;FT;2179;1762;497;Zamora;Burgos;1;0;1419174000;1;1;1244;
2014-12-21;460053;FT;2180;12178;13669;Sestao;Las Palmas II;3;2;1419154200;1;1;1244;
2014-12-21;460060;FT;2180;14232;12180;Trival Valderas;Athletic II;0;0;1419154200;1;1;1244;
2014-12-21;460057;FT;2180;12170;14233;Atletico Madrid II;Leioa;1;1;1419156000;1;1;1244;
2014-12-21;460051;FT;2180;6653;9558;Huesca;Tudelano;1;0;1419156000;1;1;1244;
2014-12-21;460056;FT;2180;7432;14231;Toledo;Socuellamos;1;2;1419156900;1;1;1244;
2014-12-21;460435;FT;2181;12192;1208;Zaragoza II;Hercules;0;1;1419154200;1;1;1244;
2014-12-21;460438;FT;2181;12194;2397;Huracan Valencia;Hospitalet;1;1;1419156000;1;1;1244;
2014-12-21;460436;FT;2181;12187;12184;Mallorca II;Atletico Baleares;1;2;1419156000;1;1;1244;
2014-12-21;460432;FT;2181;7643;12193;Reus;Lleida Esportiu;0;0;1419156000;1;1;1244;
2014-12-21;466980;FT;102;-41;-142;China PR;Palestine;0;0;1419157800;1;2;1110;
2014-12-21;460811;FT;2182;12942;1761;Arroyo;Cacereno;1;0;1419156000;1;1;1244;
2014-12-21;460813;Pst;2182;7564;13670;San Roque;La Hoya Lorca;0;0;1419156000;1;1;1244;
2014-12-21;460816;FT;2182;11850;7565;Linense;UD Marbella;1;0;1419174000;1;1;1244;
2014-12-21;460820;FT;2182;11847;1590;Villanovense;Cadiz;1;0;1419174000;1;1;1244;
2014-12-21;439984;FT;11;147;910;Hertha Berlin;Hoffenheim;0;5;1419168600;1;2;40;
2014-12-21;439986;FT;11;148;483;SC Freiburg;Hannover;2;2;1419175800;1;2;40;
2014-12-21;440298;FT;71;492;898;Bochum;Erzgebirge Aue;1;1;1419161400;1;2;1261;
2014-12-21;440294;FT;71;150;3074;Kaiserslautern;Sandhausen;1;0;1419161400;1;2;1261;
2014-12-21;440301;FT;71;913;2336;Darmstadt;Ingolstadt;2;2;1419161400;1;2;1261;
2014-12-21;434904;FT;10;175;163;Marseille;Lille;2;1;1419163200;1;2;60;
2014-12-21;434908;FT;10;719;7371;Saint-Etienne;Evian Thonon Gaillard;3;0;1419174000;1;2;60;
2014-12-21;434900;FT;10;164;162;Bordeaux;Lyon;0;5;1419188400;1;2;60;
2014-12-21;437640;FT;12;189;179;Dundee United;Celtic;2;1;1419160500;1;2;1300;
2014-12-21;445162;FT;68;1122;1819;Academica;Penafiel;1;1;1419174000;1;2;1320;
2014-12-21;445163;FT;68;3852;249;Arouca;Maritimo;1;0;1419174000;1;2;1320;
2014-12-21;445161;FT;68;1124;247;Moreirense;Boavista;1;0;1419174000;1;2;1320;
2014-12-21;445159;FT;68;254;251;Benfica;Gil Vicente;1;0;1419177600;1;2;1320;
2014-12-21;445160;FT;68;1123;263;Nacional;Sporting;0;1;1419185700;1;2;1320;
2014-12-21;444725;FT;1274;12898;12900;Benfica B;Maritimo B;3;0;1419156000;1;1;1324;
2014-12-21;444720;FT;1274;1818;2840;Portimonense;Oliveirense;2;1;1419156900;1;1;1324;
2014-12-21;444721;FT;1274;1811;12226;Aves;Tondela;0;1;1419170400;1;1;1324;
2014-12-21;444719;FT;1274;260;1804;Beira Mar;Atletico CP;2;2;1419170400;1;1;1324;
2014-12-21;444716;FT;1274;12899;12901;Braga B;Porto B;2;2;1419170400;1;1;1324;
2014-12-21;444722;FT;1274;1441;6042;Chaves;Freamunde;1;1;1419170400;1;1;1324;
2014-12-21;444718;FT;1274;12907;12902;Guimaraes B;Sporting B;1;3;1419170400;1;1;1324;
2014-12-21;444723;FT;1274;6039;13615;Olhanense;Academico Viseu;0;0;1419170400;1;1;1324;
2014-12-21;444724;FT;1274;2059;1445;Oriental;Sp. Covilha;0;2;1419170400;1;1;1324;
2014-12-21;444726;FT;1274;9395;800;SC Farense;Leixoes;3;0;1419170400;1;1;1324;
2014-12-21;444727;FT;1274;256;3487;Santa Clara;Trofense;0;0;1419174000;1;1;1324;
2014-12-21;460433;FT;2181;14234;2401;Cornella;Alcoyano;0;1;1419174000;1;1;1244;
2014-12-21;436086;FT;16;944;209;Excelsior;Ajax;0;2;1419165000;1;2;1340;
2014-12-21;436084;FT;16;224;950;Vitesse;Heracles Almelo;3;0;1419157800;1;2;1340;
2014-12-21;436085;FT;16;221;212;NAC;Feyenoord;0;1;1419165000;1;2;1340;
2014-12-21;436087;FT;16;211;226;Twente;Willem II;3;2;1419173100;1;2;1340;
2014-12-21;436428;FT;91;213;952;NEC;MVV Maastricht;4;1;1419165000;1;1;1341;
2014-12-21;436429;FT;91;215;214;Roda;Den Bosch;3;1;1419165000;1;1;1341;
2014-12-21;436430;FT;91;956;216;VV Venlo;Fortuna;0;0;1419165000;1;1;1341;
2014-12-21;431749;FT;63;549;314;Gent;Standard;1;2;1419165000;1;2;1360;
2014-12-21;448048;FT;753;2063;14162;WS Woluwe;Seresien;1;1;1419166800;1;1;1361;
2014-12-21;448054;FT;753;14163;1604;Woluwe-Zaventem;Geel;3;4;1419165000;1;1;1361;
2014-12-21;431753;FT;63;553;2623;Lokeren;Kortrijk;1;2;1419184800;1;2;1360;
2014-12-21;430953;FT;735;6109;12894;Flamurtari;KS Kukesi;0;1;1419174000;1;1;1380;
2014-12-21;430951;FT;735;110;6113;Vllaznia;Skenderbeu;0;1;1419174000;1;1;1380;
2014-12-21;430950;FT;735;296;1060;Tirana;Teuta;4;2;1419174000;1;1;1380;
2014-12-21;458221;FT;1107;6733;6119;FK Qabala;Inter Baki;1;1;1419156000;1;1;1440;
2014-12-21;458218;FT;1107;1889;6118;Khazar;AZAL;1;1;1419156000;;1;1440;
2014-12-21;458222;FT;1107;1833;11489;Qarabag;Sumqayit;2;1;1419157800;1;1;1440;
2014-12-21;458220;Pst;1107;334;3002;Neftci Baku;Araz;0;0;1419163200;1;1;1440;
2014-12-21;447697;FT;902;1055;1105;AEK Larnaca;Anorthosis;1;0;1419166800;1;1;1540;
2014-12-21;458219;Pst;1107;6121;2252;Simurq;FK Baki;0;1;1419163200;1;1;1440;
2014-12-21;447694;FT;902;1102;2557;AEL;Doxa;0;0;1419174000;1;1;1540;
2014-12-21;445489;FT;208;2553;727;Asteras Tripolis;Xanthi;2;1;1419171300;1;2;1660;
2014-12-21;445494;FT;208;731;2286;Panionios;Atromitos;2;2;1419163200;1;2;1660;
2014-12-21;445493;FT;208;1365;1165;Ergotelis;Giannina;1;0;1419171300;1;2;1660;
2014-12-21;456056;FT;13;532;207;Sampdoria;Udinese;2;2;1419166800;1;2;50;
2014-12-21;445488;AW;208;2473;2803;Niki Volou;Panaitolikos;0;3;1419171300;1;2;1660;
2014-12-21;456051;FT;13;191;523;Fiorentina;Empoli;1;1;1419166800;1;2;50;
2014-12-21;466984;AW;1040;3612;13833;Fostiras;Paniliakos;3;0;1419163200;1;1;1661;
2014-12-21;466987;FT;1040;363;12285;AEK;Iraklis Psachna;5;1;1419174000;1;1;1661;
2014-12-21;466992;FT;3011;12288;1816;Anagennisi Karditsas;Agrotikos;1;0;1419163200;1;1;1662;
2014-12-21;466991;FT;3011;6899;13933;Zakynthos;Apollon Kalamarias;0;2;1419163200;1;1;1662;
2014-12-21;466993;FT;3011;728;2798;Iraklis;Lamia;0;0;1419166800;1;1;1662;
2014-12-21;431748;FT;63;303;548;Club Brugge;Genk;4;1;1419177600;;2;1360;
2014-12-21;451621;FT;123;348;1044;Maccabi T-A;Maccabi Petah Tikva;3;0;1419182100;1;1;1740;
2014-12-21;459407;FT;1214;361;6746;Birkirkara FC;Qormi FC;2;0;1419163200;1;1;1860;
2014-12-21;459408;FT;1214;6240;341;Valletta FC;Sliema Wanderers FC;3;1;1419170400;;1;1860;
2014-12-21;452559;FT;17;7968;2875;Balikesirspor;Kasimpasa;5;3;1419157800;1;2;2120;
2014-12-21;452561;FT;17;400;389;Bursaspor;Trabzonspor;3;3;1419166800;1;2;2120;
2014-12-21;452557;FT;17;388;2943;Besiktas;Akhisar Bld genclik;3;1;1419177600;1;2;2120;
2014-12-21;452868;FT;752;1129;2903;Elazigspor;Boluspor;1;0;1419157800;1;2;2121;
2014-12-21;452866;FT;752;1628;2888;Manisaspor;Bucaspor;5;0;1419157800;1;2;2121;
2014-12-21;452862;FT;752;1625;2883;Karsiyaka;Alanyaspor;1;0;1419157800;1;2;2121;
2014-12-21;452861;FT;752;2277;401;Orduspor;Denizlispor;2;1;1419157800;1;2;2121;
2014-12-21;452865;FT;752;391;1620;Samsunspor;Demirspor Adana;0;1;1419175800;1;2;2121;
2014-12-21;453213;FT;1513;7973;2942;Bayrampasa;Fethiyespor;3;2;1419157800;1;1;2124;
2014-12-21;453218;FT;1513;13048;7808;Anadolu Selcuk;1461 Trabzon;1;0;1419157800;1;1;2124;
2014-12-21;453212;FT;1513;2914;2885;Iskendurun Demir Celikspor;Aydinspor;1;0;1419157800;1;1;2124;
2014-12-21;453215;FT;1513;2940;9551;Keciorengucu;Yeni Malatyaspor;2;1;1419157800;1;1;2124;
2014-12-21;453216;FT;1513;2937;2894;Ofspor;Tarsus Idman Yurdu;1;0;1419157800;1;1;2124;
2014-12-21;453217;FT;1513;7992;11732;Tavsanli Belediye Linyitspor;Umraniyespor;1;4;1419157800;1;1;2124;
2014-12-21;453211;FT;1513;2880;2112;Pendikspor;Karagumruk;1;2;1419157800;1;1;2124;
2014-12-21;453219;FT;1513;2933;2410;Tokatspor;Turgutluspor;0;1;1419157800;1;1;2124;
2014-12-21;453214;FT;1513;7976;3031;Yeni Menemen Belediyespor;Hacettepe Spor Kulubu;2;1;1419157800;1;1;2124;
2014-12-21;453845;FT;1508;2909;7995;Batman Petrolspor;Akcaabat Sebatspor;1;0;1419156000;1;1;2126;
2014-12-21;453841;FT;1508;13685;2896;Ankara Adliyespor;Darica Genclerbirligi;2;2;1419157800;1;1;2126;
2014-12-21;453846;AW;1508;7993;2902;Bozuyukspor;Zonguldakspor;0;3;1419157800;1;1;2126;
2014-12-21;453849;FT;1508;13042;7970;Corum Belediyespor;Bursa Niluferspor;2;0;1419157800;1;1;2126;
2014-12-21;453844;FT;1508;2951;14184;Gaziosmanpasaspor;Kizilcabolukspor;2;1;1419157800;1;1;2126;
2014-12-21;453842;FT;1508;2619;14185;Sekerspor;Tire 1922;1;5;1419157800;1;1;2126;
2014-12-21;453843;FT;1508;13809;399;Nigde Belediyespor;Istanbulspor;2;2;1419157800;1;1;2126;
2014-12-21;453847;FT;1508;13695;7989;Tuzlaspor;Kirikhanspor;3;3;1419157800;1;1;2126;
2014-12-21;454155;FT;1507;13693;14188;Erzincan Ref.;Cankirispor;2;0;1419156000;1;1;2126;
2014-12-21;454148;FT;1507;13802;2893;Yeni Diyarbakirspor;Aksarayspor;3;0;1419156000;1;1;2126;
2014-12-21;444717;FT;1274;6992;253;Uniao Madeira;Feirense;0;2;1419174000;1;1;1324;
2014-12-21;454149;FT;1507;2947;7981;Denizli Belediyespor;Golcukspor;1;2;1419157800;1;1;2126;
2014-12-21;454150;FT;1507;13037;9545;Derince Beled.;Sivas 4 Eylul;2;1;1419157800;1;1;2126;
2014-12-21;454154;FT;1507;1626;14189;Canakkale Dardanel;Cine Madranspor;2;1;1419157800;1;1;2126;
2014-12-21;454153;FT;1507;2876;9546;Eyupspor;Sancaktepespor;1;3;1419157800;1;1;2126;
2014-12-21;454151;FT;1507;7979;2948;Tekirova Belediyespor;Arsinspor;1;1;1419157800;1;1;2126;
2014-12-21;454147;FT;1507;14187;7312;Yesil Bursa;Halide Edip Advar;3;0;1419157800;1;1;2126;
2014-12-21;454458;FT;1509;6793;2930;Belediye Vanspor;Etimesgut Sekerspor A.S.;2;1;1419156000;1;1;2126;
2014-12-21;454457;FT;1509;2881;13689;Anadolu Uskudar;Erzurum BB;0;0;1419157800;1;1;2126;
2014-12-21;454152;FT;1507;13686;2879;Payas;Maltepespor;0;0;1419157800;1;1;2126;
2014-12-21;454455;FT;1509;13687;13049;Balcova;Kahramanmarasspor bld.;3;0;1419157800;1;1;2126;
2014-12-21;454459;FT;1509;13040;2958;Bergama Belediye;Beylerbeyi A.S.;0;0;1419157800;1;1;2126;
2014-12-21;454461;FT;1509;1630;7980;Sakaryaspor;Orhangazispor;1;1;1419157800;1;1;2126;
2014-12-21;454460;FT;1509;11734;6794;Sandiklispor;Gungorenspor;2;1;1419157800;1;1;2126;
2014-12-21;454454;FT;1509;13694;13804;Kayseri Sekerspor;Bayburt IOI;1;4;1419157800;1;1;2126;
2014-12-21;454453;FT;1509;13691;2901;Ayvalikgucu;Ankara Demirspor;2;1;1419157800;1;1;2126;
2014-12-21;443050;FT;903;6586;1115;Prestatyn Town FC;Bangor City;1;2;1419163200;1;1;2160;
2014-12-21;466244;FT;1320;1859;7129;Jorge Wilstermann;Nacional Potosi;5;2;1419184800;;1;2520;
2014-12-21;466247;FT;1320;14208;12896;Universitario Cobija;Petrolero;2;0;1419184800;1;1;2520;
2014-12-21;466243;FT;1320;3566;1847;Blooming;Bolivar;0;3;1419192000;1;1;2520;
2014-12-21;466246;FT;1320;1846;6145;The Strongest;Oriente Petrolero;2;1;1419192000;1;1;2520;
2014-12-21;466886;FT;2259;2316;2309;Santiago W.;Palestino;1;6;1419193800;1;0;2581;
2014-12-21;466883;FT;1427;6402;2167;Santa Fe Bogota;Indep. Medellin;1;1;1419197400;1;1;2600;
2014-12-21;466982;FT;2268;3332;1862;Emelec;Barcelona Guayaquil;3;0;1419193800;1;0;2641;
2014-12-21;466983;Pen;2269;6179;6182;Isidro Metapan;Aguila;1;1;1419192000;1;0;2644;
2014-12-21;431515;FT;1012;2472;3494;Sydney FC;Wellington Phoenix;0;2;1419138300;1;1;3100;
2014-12-21;439483;FT;1104;6820;6094;Al Raed Buraidah;Najran SC;3;2;1419170100;1;1;3280;
2014-12-21;431135;FT;1106;11893;6131;CS Constantine;ES Setif;1;2;1419174000;1;1;3600;
2014-12-21;466895;FT;1211;9277;6697;Smouha SC;Itthad Al Shourta;1;0;1419170400;1;1;3620;
2014-12-21;457075;FT;1216;6284;13082;MAT Tetouan;RSB Berkane;2;1;1419170400;1;1;3640;
2014-12-21;457071;FT;1216;6287;6281;OCS Safi;WAC Casablanca;2;0;1419170400;1;1;3640;
2014-12-21;445495;FT;208;2268;380;Levadiakos;PAOK;1;2;1419179400;1;2;1660;
2014-12-21;466690;FT;1217;12904;6332;Chippa United;SuperSport United;1;2;1419165000;1;1;3660;
2014-12-21;466691;FT;1217;12906;6329;Pretoria Univ.;Bidvest Wits;0;0;1419165000;1;1;3660;
2014-12-21;457076;FT;1216;6275;14201;IZK Khemisset;Chabab Atlas;0;1;1419170400;;1;3640;
2014-12-21;457073;FT;1216;6276;6285;FAR Rabat;KACM Marrakech;2;0;1419163200;1;1;3640;
2014-12-21;466986;FT;1040;14324;1166;Ermionidas-Ermis;Kalithea;1;1;1419163200;1;1;1661;
2014-12-21;457069;FT;1216;6277;6280;OCK Khouribga;KAC Kenitra;1;0;1419183000;1;1;3640;
2014-12-21;454456;FT;1509;13039;14190;Silivspor;Erzin;4;2;1419157800;1;1;2126;
2014-12-23;466999;FT;3038;2451;701;Worcester;Halifax;0;1;1419360300;1;2;1209;
2014-12-23;467002;FT;1013;2407;393;Giresunspor;Genclerbirligi;2;2;1419336900;1;1;2129;
2014-12-23;467003;FT;1013;9550;125;Diyarbakir BB;Galatasaray;1;4;1419343200;1;1;2129;
2014-12-23;467004;FT;1013;289;7977;Fenerbahce;Altinordu;1;1;1419354000;1;1;2129;
2014-12-23;466623;Pst;1554;13735;6304;Sohar;Al-Seeb;0;0;1419335400;1;1;3190;
2014-12-23;466625;Pst;1554;6310;6302;Sur;Al-Oruba;0;0;1419344100;1;1;3190;
2014-12-23;466624;Pst;1554;8121;6303;Alshabab;Al-Nahda;0;0;1419339000;1;1;3190;
2014-12-23;431149;Pst;1106;6130;6132;ASO Chlef;USM Alger;0;0;1419339600;1;1;3600;
2014-12-23;431144;Pst;1106;14087;6695;ASM Oran;MC El Eulma;0;0;1419350400;1;1;3600;
2014-12-23;431142;Pst;1106;13034;6140;JS Saoura;Hussein Dey;0;0;1419339600;1;1;3600;
2014-12-23;431148;Pst;1106;6133;6693;CR Belouizdad;USM El Harrach;0;0;1419350400;1;1;3600;
2014-12-23;431146;Pst;1106;6131;6144;ES Setif;MC Oran;0;0;1419350400;1;1;3600;
2014-12-23;431147;Pst;1106;6129;11893;JS Kabylie;CS Constantine;0;0;1419350400;1;1;3600;
2014-12-23;466842;AET;3038;13592;3491;Welling United;Ebbsfleet Utd;2;3;1419360300;1;2;1209;
2014-12-23;431145;Pst;1106;6139;13583;MC Alger;RC Arba;0;0;1419350400;1;1;3600;
2014-12-23;431143;Pst;1106;13610;13033;MO Bejaia;USM Bel Abbes;0;0;1419350400;1;1;3600;
2014-12-23;437819;FT;77;837;183;Cowdenbeath;Hearts;0;2;1419360300;1;1;1301;
2014-12-23;467000;FT;1013;2112;1624;Karagumruk;Mersin;1;0;1419328800;1;1;2129;
2014-12-23;467001;FT;1013;387;2116;Ankaragucu;Karabukspor;0;3;1419328800;1;1;2129;
2014-12-25;467014;FT;1013;331;13695;Gaziantepspor;Tuzlaspor;2;2;1419519600;1;1;2129;
2014-12-25;463341;FT;1211;6170;6164;ENPPI Cairo;Al Zamalek Cairo;2;0;1419523200;1;1;3620;
2014-12-25;467012;FT;1013;2940;2943;Keciorengucu;Akhisar Bld genclik;1;1;1419501600;1;1;2129;
2014-12-25;467015;FT;1013;389;1628;Trabzonspor;Manisaspor;9;0;1419528600;1;1;2129;
2014-12-25;467013;FT;1013;2115;398;Sariyer;Rizespor;0;2;1419501600;1;1;2129;
2014-12-27;437651;FT;12;184;831;Dundee;St. Mirren;1;3;1419688800;1;2;1300;
2014-12-27;437650;FT;12;179;830;Celtic;Ross County;0;0;1419688800;1;2;1300;
2014-12-27;437831;FT;77;181;180;Hibernian;Rangers;4;0;1419678900;1;1;1301;
2014-12-27;437829;FT;77;833;839;Alloa Athletic;Queen of the South;1;1;1419688800;;1;1301;
2014-12-27;437827;FT;77;837;847;Cowdenbeath;Dumbarton;1;3;1419688800;1;1;1301;
2014-12-27;437828;FT;77;190;183;Livingston;Hearts;0;1;1419688800;1;1;1301;
2014-12-27;437830;FT;77;832;829;Falkirk;Raith Rovers;0;1;1419697800;;1;1301;
2014-12-27;438007;FT;78;826;825;Airdrie;Ayr United;3;0;1419688800;1;1;1302;
2014-12-27;438008;Pst;78;845;187;Brechin City;Dunfermline;0;0;1419688800;;1;1302;
2014-12-27;438009;Pst;78;851;842;Peterhead;Forfar Athletic;0;0;1419688800;1;1;1302;
2014-12-27;438010;FT;78;846;840;Stirling Albion;Greenock Morton;3;4;1419688800;1;1;1302;
2014-12-27;438011;FT;78;834;841;Stranraer;Stenhousemuir;0;2;1419688800;1;1;1302;
2014-12-27;442479;FT;79;3296;824;Annan Athletic;Clyde;2;1;1419688800;1;1;1303;
2014-12-27;442481;FT;79;2465;848;Berwick Rangers;Queen's Park;0;0;1419688800;1;1;1303;
2014-12-27;442478;FT;79;850;823;East Fife;Arbroath;1;5;1419688800;1;1;1303;
2014-12-27;442477;FT;79;10588;843;East Stirlingshire;Albion Rovers;1;4;1419688800;1;1;1303;
2014-12-27;442480;FT;79;852;844;Montrose;Elgin City;2;3;1419688800;1;1;1303;
2014-12-27;431758;Pst;63;548;1607;Genk;Oostende;0;0;1419683400;1;2;1360;
2014-12-27;431757;FT;63;314;553;Standard;Lokeren;2;0;1419696000;;2;1360;
2014-12-27;431763;FT;63;1381;2613;Cercle Brugge;Waasland;1;0;1419703200;1;2;1360;
2014-12-27;451633;FT;123;1050;1043;Hapoel Beer Sheva;Hapoel Petah Tikva;2;1;1419691500;1;1;1740;
2014-12-27;451631;FT;123;7024;1046;Hapoel Acre FC;Bnei Sakhnin;1;3;1419692400;1;1;1740;
2014-12-27;451630;FT;123;1041;1049;Ashdod SC;Hapoel Haifa;0;1;1419694200;1;1;1740;
2014-12-27;451628;FT;123;1044;1042;Maccabi Petah Tikva;Maccabi Netanya;0;1;1419694200;1;1;1740;
2014-12-27;451632;FT;123;139;1048;Maccabi Haifa;Beitar Jerusalem;1;3;1419699600;1;1;1740;
2014-12-27;452563;FT;17;1622;1627;Buyuksehir;Erciyesspor;3;1;1419685200;1;2;2120;
2014-12-27;452565;FT;17;2116;7968;Karabukspor;Balikesirspor;0;1;1419676200;1;2;2120;
2014-12-27;437647;FT;12;188;189;St. Johnstone;Dundee United;2;1;1419688800;;2;1300;
2014-12-27;467081;FT;102;-150;-63;Qatar;Estonia;3;0;1419687000;1;2;1110;
2014-12-27;452873;FT;752;1620;1406;Demirspor Adana;Osmanlispor;1;0;1419692400;1;2;2121;
2014-12-27;443054;FT;903;1894;6586;Rhyl;Prestatyn Town FC;2;2;1419687000;1;1;2160;
2014-12-27;431518;FT;1012;3065;7361;Central Coast Mariners;Brisbane Roar FC;3;3;1419656400;1;1;3100;
2014-12-27;437648;FT;12;182;838;Kilmarnock;Hamilton;1;0;1419688800;1;2;1300;
2014-12-27;467018;FT;1211;6699;6701;Asyut Petroleum;Al Moqawloon Al Arab;1;1;1419679800;1;1;3620;
2014-12-27;431520;FT;1012;3494;13265;Wellington Phoenix;Western Sydney;1;0;1419742800;1;1;3100;
2014-12-27;431519;FT;1012;3059;3064;Melbourne Victory;Newcastle Jets;1;0;1419665400;1;1;3100;
2014-12-27;467017;FT;1211;13997;6702;El Raja;Talaea El Geish;0;1;1419679800;1;1;3620;
2014-12-27;467019;FT;1211;6165;14314;Ismaily SC;Nasr;1;0;1419688800;1;1;3620;
2014-12-27;467020;FT;1211;6697;6700;Itthad Al Shourta;Haras El Hedood;0;0;1419688800;1;1;3620;
2014-12-27;467022;FT;1211;9275;9277;Wadi Degla FC;Smouha SC;2;1;1419697800;1;1;3620;
2014-12-27;467021;FT;1211;6163;6175;Petrojet Cairo;El Gounah;1;1;1419688800;1;1;3620;
2014-12-27;457080;FT;1216;6288;6287;FUS Rabat;OCS Safi;4;0;1419688800;;1;3640;
2014-12-27;457079;FT;1216;6281;6278;WAC Casablanca;HUSA Agadir;2;2;1419688800;1;1;3640;
2014-12-27;457082;FT;1216;9534;6276;Chabab Rif Hoceima;FAR Rabat;0;4;1419701400;1;1;3640;
2014-12-27;437649;FT;12;186;828;Motherwell;Partick Thistle;1;0;1419688800;1;2;1300;
2014-12-27;452566;FT;17;289;1624;Fenerbahce;Mersin;1;0;1419696000;1;2;2120;
2014-12-27;452874;FT;752;1621;1129;Kayserispor;Elazigspor;1;0;1419678000;1;2;2121;
2014-12-29;432792;FT;15;242;695;Liverpool;Swansea City;4;1;1419879600;1;2;20;1
2014-12-29;433817;FT;205;817;610;Yeovil T.;Leyton Orient;0;3;1419878700;1;1;1202;
2014-12-29;451629;FT;123;1045;7331;Hapoel Tel Aviv;Ironi Kiryat Shmona;0;1;1419875700;1;1;1740;
2014-12-29;458709;FT;1292;7025;13612;Maccabi Ahi Nazareth FC;Hapoel Afula;2;2;1419865200;1;1;1741;
2014-12-29;458708;FT;1292;7027;7026;Hapoel Jerusalem FC;Ironi Nir Ramat HaSharon;2;0;1419868800;1;1;1741;
2014-12-29;458703;FT;1292;2547;2378;Ironi Tiberias;Hapoel Natzrat-Elite;1;1;1419868800;1;1;1741;
2014-12-29;458702;FT;1292;1040;3053;Ironi Rishon Lezion;Maccabi Herzeliya;3;3;1419868800;;1;1741;
2014-12-29;452569;FT;17;389;2891;Trabzonspor;Eskisehirspor;1;4;1419872400;1;2;2120;
2014-12-29;431521;FT;1012;3064;9261;Newcastle Jets;Melbourne City;2;5;1419915600;1;1;3100;
2014-12-29;433806;Pst;205;452;606;Barnsley;Oldham Athletic;0;0;1419878700;1;1;1202;
2014-12-29;467090;FT;2318;588;263;Guimaraes;Sporting;0;2;1419882300;1;2;1321;
2014-12-29;461125;FT;1105;6349;9266;Hammam-Lif;Gabes;2;0;1419854400;1;1;3680;
2014-12-29;467025;FT;1211;14313;6164;Alaab Damanhour;Al Zamalek Cairo;1;2;1419852600;1;1;3620;
2014-12-29;467026;FT;1211;6170;6171;ENPPI Cairo;Al Masry Port Said;0;1;1419861600;1;1;3620;
2014-12-29;433270;FT;72;233;601;Fulham;Brighton;0;2;1419879600;1;2;97;
2014-12-31;467038;FT;1013;13172;1407;Cizre Basra;Konyaspor;2;0;1420014600;1;1;2129;
2014-12-31;467042;FT;1013;13804;1621;Bayburt IOI;Kayserispor;3;0;1420020000;1;1;2129;
2014-12-31;467039;FT;1013;13695;331;Tuzlaspor;Gaziantepspor;2;1;1420020000;1;1;2129;
2014-12-31;467045;FT;1013;398;2115;Rizespor;Sariyer;1;0;1420028100;1;1;2129;
2014-12-31;467044;FT;1013;400;391;Bursaspor;Samsunspor;1;1;1420032600;1;1;2129;
2014-12-31;467041;FT;1013;2943;2940;Akhisar Bld genclik;Keciorengucu;1;2;1420020000;1;1;2129;
2014-12-31;431523;FT;1012;3060;3494;Adelaide United;Wellington Phoenix;1;3;1420011300;1;1;3100;
2014-12-31;431147;FT;1106;6129;11893;JS Kabylie;CS Constantine;2;1;1420030800;1;1;3600;
2014-12-31;467040;FT;1013;2121;1405;B.B. Gaziantep;Sivasspor;1;2;1420020000;1;1;2129;
2014-12-31;467169;FT;1303;348;139;Maccabi T-A;Maccabi Haifa;2;1;1420043400;1;0;1744;
2014-12-31;467083;FT;102;-150;-140;Qatar;Oman;2;2;1420007100;1;2;1110;
